,LRP,source_gene,target_gene
122,0.02709398791193962,SLC39A6_exp,CCND1_exp
280,0.021441539749503136,FOS_exp,BHLHE40_exp
518,0.018307644873857498,SLC39A6_exp,IGFBP4_exp
783,0.016450509428977966,SLC39A6_exp,FKBP4_exp
1338,0.014017648994922638,FKBP4_exp,CCND1_exp
1517,0.01351456344127655,XBP1_exp,SLC39A6_exp
1557,0.013416564092040062,IGFBP4_exp,CCND1_exp
2741,0.011222569271922112,FOS_exp,ELF3_exp
3007,0.010913165286183357,SLC39A6_exp,BHLHE40_exp
3388,0.010533152148127556,CCND1_exp,ABHD2_exp
3538,0.010387745685875416,XBP1_exp,TFF3_exp
3602,0.010337628424167633,XBP1_exp,IGFBP4_exp
3811,0.010142895393073559,SLC39A6_exp,ABHD2_exp
3924,0.010064496658742428,FKBP4_exp,FASN_exp
4573,0.009585428051650524,SLC39A6_exp,MYOF_exp
4921,0.00933873001486063,CCND1_exp,BHLHE40_exp
5019,0.009278704412281513,MYOF_exp,CCND1_exp
5444,0.009020334109663963,XBP1_exp,FKBP4_exp
9404,0.007398553192615509,FOS_exp,FKBP4_exp
9571,0.007350687403231859,FASN_exp,CCND1_exp
10340,0.007143068127334118,TGM2_exp,SLC39A6_exp
10536,0.007093257270753384,KRT19_exp,IGFBP4_exp
10671,0.007055534049868584,TGM2_exp,FOS_exp
11798,0.006807401776313782,IGFBP4_exp,FASN_exp
11949,0.006779284216463566,TGM2_exp,CCND1_exp
12214,0.006726093124598265,KRT18_exp,CCND1_exp
12573,0.006657717749476433,FLNB_exp,CCND1_exp
12582,0.006655700504779816,XBP1_exp,CCND1_exp
13995,0.006387244910001755,SLC39A6_exp,FASN_exp
14236,0.006347534246742725,IGFBP4_exp,FOS_exp
14533,0.006297365762293339,XBP1_exp,FASN_exp
15028,0.00621627876535058,SLC39A6_exp,KRT19_exp
15635,0.006122141145169735,KRT19_exp,CCND1_exp
16315,0.006016203202307224,TFF3_exp,SLC39A6_exp
16544,0.005983092822134495,KRT18_exp,FKBP4_exp
17354,0.005869796499609947,NBL1_exp,IGFBP4_exp
18061,0.005778396036475897,IGFBP4_exp,FKBP4_exp
20230,0.0055214399471879005,NCOR2_exp,CCND1_exp
20900,0.0054495204240083694,CCND1_exp,ABLIM1_exp
21357,0.005396434571594,SLC39A6_exp,ABLIM1_exp
22417,0.0052918968722224236,XBP1_exp,KRT18_exp
22441,0.0052896165288984776,KRT8_exp,FKBP4_exp
23537,0.005194655153900385,SLC39A6_exp,NCOR2_exp
23858,0.005170086398720741,FLNB_exp,FKBP4_exp
25327,0.005046847276389599,KRT8_exp,KRT18_exp
25604,0.0050234380178153515,LAD1_exp,IGFBP4_exp
26501,0.004952024202793837,TGM2_exp,FKBP4_exp
27898,0.004848669283092022,TFF3_exp,FOS_exp
27947,0.004845622461289167,SLC39A6_exp,GJA1_exp
28056,0.004836699925363064,ELF3_exp,CCND1_exp
28790,0.004781026393175125,LAD1_exp,FKBP4_exp
28959,0.004768637474626303,SLC39A6_exp,KRT18_exp
29290,0.004744019825011492,FKBP4_exp,BHLHE40_exp
31270,0.004615752026438713,TFF3_exp,CCND1_exp
31757,0.00458574341610074,IGFBP4_exp,ABLIM1_exp
32535,0.004542056005448103,SLC39A6_exp,FLNB_exp
32615,0.004537763074040413,SLC39A6_exp,ELF3_exp
33525,0.004483839962631464,KRT19_exp,FKBP4_exp
33535,0.004483414813876152,KRT19_exp,KRT15_exp
34009,0.004455226473510265,KRT15_exp,GJA1_exp
35467,0.00437484635040164,IGFBP4_exp,BHLHE40_exp
35492,0.004373103380203247,FKBP4_exp,ABLIM1_exp
35527,0.004371028393507004,IGFBP4_exp,GJA1_exp
36233,0.0043348586186766624,MUC1_exp,ELF3_exp
37367,0.004277468658983707,XBP1_exp,KRT19_exp
38294,0.0042307572439312935,KRT8_exp,CCND1_exp
39420,0.004178463947027922,XBP1_exp,KRT8_exp
41143,0.004101556725800037,SLC7A5_exp,FKBP4_exp
41487,0.0040862602181732655,MYOF_exp,IGFBP4_exp
41903,0.004067585337907076,XBP1_exp,BHLHE40_exp
42810,0.004029443953186274,KRT8_exp,KRT19_exp
45288,0.003927023150026798,XBP1_exp,AQP3_exp
45985,0.0038995803333818913,GJA1_exp,FKBP4_exp
46466,0.0038810844998806715,KRT18_exp,IGFBP4_exp
47008,0.0038607066962867975,TFF3_exp,IGFBP4_exp
47029,0.0038601774722337723,SLC39A6_exp,LAD1_exp
47330,0.003849784843623638,SLC2A1_exp,FOS_exp
48386,0.0038134814240038395,SLC2A1_exp,BHLHE40_exp
49033,0.0037907343357801437,FKBP4_exp,ABHD2_exp
49581,0.003770984010770917,SLC7A5_exp,FASN_exp
49980,0.003756054677069187,LAD1_exp,CCND1_exp
50422,0.003739672712981701,GJA1_exp,CBFA2T3_del
51527,0.0037030065432190895,XBP1_exp,B4GALT1_exp
51720,0.003696995787322521,IGFBP4_exp,FLNB_exp
52557,0.0036710326094180346,KRT8_exp,FOS_exp
52838,0.0036617256700992584,SLC7A5_exp,CBFA2T3_del
53631,0.0036365268751978874,TGM2_exp,TFF3_exp
54089,0.0036216811276972294,LAD1_exp,ELF3_exp
56194,0.0035563611891120672,XBP1_exp,MUC1_exp
57379,0.0035203848965466022,FKBP4_exp,AQP3_exp
57991,0.00350350234657526,SLC7A5_exp,FOS_exp
58633,0.0034850924275815487,SFN_exp,FOS_exp
60108,0.003443655092269182,KLF4_mut,FOS_exp
62081,0.003390362486243248,SLC39A6_exp,FOS_exp
62998,0.0033667604438960552,LRIG1_exp,GJA1_exp
63088,0.003364533418789506,SLC39A6_exp,KRT8_exp
63809,0.003346408251672983,KRT8_exp,IGFBP4_exp
64028,0.0033407160080969334,NBL1_exp,FKBP4_exp
65256,0.0033114871475845575,NBL1_exp,AQP3_exp
66155,0.0032889421563595533,TFF3_exp,FKBP4_exp
67943,0.0032476172782480717,GJA1_exp,CD44_exp
71289,0.003174669574946165,NCOR2_del,CCND1_exp
72318,0.0031523695215582848,SLC39A6_exp,MUC1_exp
75377,0.003088059602305293,SLC2A1_exp,AQP3_exp
76566,0.0030639823526144028,MUC1_exp,CCND1_exp
76937,0.003056594403460622,XBP1_exp,SLC2A1_exp
78301,0.003030741587281227,NBL1_exp,FOS_exp
78476,0.0030275031458586454,XBP1_exp,LAD1_exp
81204,0.002975728828459978,TGM2_exp,LAD1_exp
82174,0.0029578455723822117,FKBP4_exp,ELF3_exp
86472,0.0028822021558880806,SLC2A1_exp,FKBP4_exp
89516,0.0028323736041784286,SLC7A5_exp,CCND1_exp
89689,0.002829518634825945,NCOR2_exp,FKBP4_exp
90400,0.0028179208748042583,MUC1_exp,AQP3_exp
91865,0.0027949027717113495,MUC1_exp,FOS_exp
92479,0.0027862130664288998,TFF3_exp,KRT18_exp
94365,0.002757521579042077,XBP1_exp,CBFA2T3_del
95462,0.002741295611485839,NCOR2_exp,NCOR2_del
98012,0.0027043011505156755,FOS_exp,CBFA2T3_del
100309,0.0026719258166849613,TGM2_exp,KRT15_exp
101766,0.0026519233360886574,KRT18_exp,ABHD2_exp
102448,0.0026422846131026745,TGM2_exp,ELF3_exp
102673,0.002639445476233959,FOS_exp,FLNB_exp
102909,0.0026361874770373106,KRT19_exp,KRT18_exp
102940,0.00263578980229795,IGFBP4_exp,ABHD2_exp
103349,0.0026300030294805765,LAD1_exp,BHLHE40_exp
103646,0.002626186003908515,NCOR2_exp,FLNB_exp
104288,0.0026179254055023193,KRT8_exp,FLNB_exp
105673,0.0026004668325185776,SLC39A6_exp,NCOR2_del
107756,0.0025721979327499866,XBP1_exp,LRIG1_exp
108639,0.0025609093718230724,SLC39A6_exp,KRT15_exp
109302,0.002552407095208764,FKBP4_exp,CCND1_amp
110378,0.0025387273635715246,SLC7A5_exp,GJA1_exp
112175,0.002517799148336053,MUC1_exp,LAD1_exp
112265,0.002516672946512699,SLC39A6_exp,CBFA2T3_del
112346,0.002515485743060708,FKBP4_exp,CBFA2T3_del
112675,0.002511396538466215,TGM2_exp,ABHD2_exp
114321,0.002492203377187252,TGM2_exp,KRT19_exp
115880,0.0024740737862885,KRT15_exp,IGFBP4_exp
117330,0.0024573467671871185,TGM2_exp,GJA1_exp
117553,0.0024549122899770737,NCOR2_exp,FOS_exp
118274,0.002447036560624838,NCOR2_del,FKBP4_exp
118952,0.002439015544950962,XBP1_exp,CCND1_amp
119246,0.002436059759929776,XBP1_exp,NCOR2_del
120093,0.0024267835542559624,CBFA2T3_del,ABHD2_exp
121812,0.0024075310211628675,XBP1_exp,GJA1_exp
122251,0.0024026937317103148,FOS_exp,ABHD2_exp
122298,0.0024022217839956284,XBP1_exp,ABHD2_exp
124246,0.0023820246569812298,FASN_exp,BHLHE40_exp
125071,0.002373193157836795,MYOF_exp,FLNB_exp
127088,0.002351921983063221,IGFBP4_exp,CBFA2T3_del
128605,0.002336574252694845,KRT8_exp,FASN_exp
128686,0.002335849218070507,XBP1_exp,TGM2_exp
128931,0.002333773532882333,FOS_exp,CCND1_exp
131354,0.0023103593848645687,TFF3_exp,SLC2A1_exp
131374,0.0023101428523659706,MYOF_exp,FOS_exp
131655,0.0023074005730450153,SLC39A6_exp,JAK2_mut
132451,0.0022992815356701612,TFF3_exp,LAD1_exp
133284,0.002290802076458931,TGM2_exp,NCOR2_exp
134564,0.0022781221196055412,KRT19_exp,FOS_exp
134697,0.0022768937051296234,SFN_exp,GJA1_exp
136147,0.002263410249724984,TFF3_exp,ABHD2_exp
136940,0.0022554025053977966,XBP1_exp,ABLIM1_exp
137164,0.0022535573225468397,MUC1_exp,CBFA2T3_del
137951,0.002246180083602667,SLC7A5_exp,IGFBP4_exp
138514,0.0022407062351703644,KRT18_exp,FASN_exp
141056,0.002218000590801239,NCOR2_del,CBFA2T3_del
144370,0.0021886888425797224,GJA1_exp,ELF3_exp
146595,0.002169996267184615,TGM2_exp,SFN_exp
146613,0.0021698421332985163,NCOR2_exp,NBL1_exp
147345,0.002163980156183243,TFF3_exp,NBL1_exp
148540,0.0021539132576435804,LRIG1_exp,FLNB_exp
148819,0.002151820342987776,ELF3_exp,AQP3_exp
149638,0.0021446270402520895,NBL1_exp,CBFA2T3_del
150455,0.0021376817021518946,SLC39A6_exp,LRIG1_exp
153465,0.0021126382052898407,SFN_exp,IGFBP4_exp
153880,0.0021094810217618942,NCOR2_del,KRT8_exp
156747,0.002086475258693099,FOS_exp,CCND1_amp
156784,0.0020862517412751913,SLC2A1_exp,GJA1_exp
157775,0.002078358316794038,FOS_exp,FASN_exp
158048,0.0020763124339282513,MUC1_exp,FKBP4_exp
158783,0.0020707619842141867,LRIG1_exp,FASN_exp
159097,0.002068213652819395,TFF3_exp,GJA1_exp
160527,0.002057293662801385,TFF3_exp,KRT15_exp
161023,0.0020534752402454615,IGFBP4_exp,B4GALT1_exp
163269,0.002036886289715767,SLC2A1_exp,IGFBP4_exp
163980,0.002031526993960142,XBP1_exp,NCOR2_exp
164956,0.002024139743298292,CCND1_exp,CCND1_amp
165709,0.0020184488967061043,GJA1_exp,FASN_exp
166042,0.002015960868448019,FASN_exp,ABHD2_exp
166869,0.002009844873100519,FLNB_exp,BHLHE40_exp
167685,0.002003717003390193,SLC39A6_exp,KRT13_exp
167958,0.002001726534217596,KRT18_exp,FOS_exp
167980,0.0020014913752675056,KRT19_exp,GJA1_exp
168315,0.0019991567824035883,LRIG1_exp,CBFA2T3_del
168446,0.001998182386159897,KRT19_exp,FASN_exp
168784,0.0019958210177719593,NBL1_exp,KRT15_exp
171991,0.0019734364468604326,KRT19_exp,FLNB_exp
175065,0.0019528467673808336,KRT15_exp,CD44_exp
175803,0.0019477813038975,KRT13_exp,ABHD2_exp
176339,0.0019441032782196999,LAD1_exp,FLNB_exp
180951,0.0019136224873363972,SLC2A1_exp,ABLIM1_exp
181535,0.0019098323537036777,ELF3_exp,ABLIM1_exp
181607,0.0019093843875452876,MYOF_exp,ABHD2_exp
182785,0.0019019247265532613,CCND1_exp,B4GALT1_exp
184437,0.0018910689977928996,KRT15_exp,KRT13_exp
185237,0.0018859381088986993,KRT13_exp,FKBP4_exp
186979,0.0018752624746412039,TGM2_exp,CD44_exp
187342,0.0018730337033048272,NCOR2_del,KRT18_exp
191878,0.001845296355895698,XBP1_exp,FOS_exp
193696,0.0018342802068218589,CCND1_exp,AQP3_exp
194229,0.001831277972087264,FASN_exp,ELF3_exp
194428,0.001830079942010343,SLC2A1_exp,KRT15_exp
195446,0.0018239496275782585,SLC2A1_exp,NBL1_exp
195839,0.0018218908226117492,KRT18_exp,FLNB_exp
196430,0.001818317687138915,SLC39A6_exp,BCL2_mut
196946,0.0018151928670704365,FOS_exp,BCL11B_mut
200017,0.0017972972709685564,KRT15_exp,FOS_exp
201086,0.0017909710295498371,TGM2_exp,SLC7A5_exp
201173,0.001790290349163115,SLC39A6_exp,AQP3_exp
201218,0.0017900499515235424,SLC39A6_exp,NCOR2_mut
201418,0.0017890164162963629,LRIG1_exp,FOS_exp
202672,0.001781792612746358,GJA1_exp,FLNB_exp
203975,0.0017742877826094627,MUC1_exp,ABHD2_exp
204230,0.0017728785751387477,SLC39A6_exp,KLF4_amp
204431,0.001771611045114696,FASN_exp,CD44_exp
206288,0.0017615864053368568,RARA_mut,FKBP4_exp
207222,0.0017565230373293161,NBL1_exp,KRT8_exp
207373,0.0017556091770529747,KRT8_exp,ELF3_exp
207661,0.001754075987264514,IL6ST_amp,FOS_exp
207935,0.0017526771407574415,NBL1_exp,FASN_exp
208811,0.001747931120917201,SLC2A1_exp,SFN_exp
210144,0.0017409222200512886,SLC39A6_exp,CCND1_amp
212767,0.0017269612289965153,LAD1_exp,GJA1_exp
213032,0.0017255123239010572,IGFBP4_exp,AQP3_exp
213148,0.0017248904332518578,TFF3_exp,ABLIM1_exp
213454,0.0017232910031452775,GJA1_exp,CCND1_exp
214290,0.0017187610501423478,TFF3_exp,LRIG1_exp
216612,0.0017063237028196454,MYOF_exp,LAD1_exp
216806,0.0017052842304110527,FOS_exp,B4GALT1_exp
216861,0.001705034519545734,SLC7A5_exp,ABHD2_exp
218683,0.0016955970786511898,IGFBP4_exp,ELF3_exp
219212,0.0016929692355915904,TGM2_exp,RET_mut
219855,0.0016897988971322775,NBL1_exp,ABHD2_exp
220877,0.0016844621859490871,TGM2_exp,MUC1_exp
221150,0.0016831207321956754,NBL1_exp,CCND1_exp
221381,0.0016820358578115702,SLC2A1_exp,MUC1_exp
221718,0.0016803806647658348,NCOR2_exp,FASN_exp
222134,0.0016782686579972506,LAD1_exp,KRT18_exp
222732,0.0016751866787672043,MYOF_exp,ABLIM1_exp
223548,0.001671376870945096,FOS_exp,AQP3_exp
227424,0.0016523522790521383,GJA1_exp,FOS_exp
228451,0.0016473089344799519,SLC2A1_exp,KRT13_exp
229874,0.001640469185076654,IGFBP4_exp,CCND1_amp
231394,0.0016329666832461953,SLC39A6_exp,ELF3_mut
232335,0.0016285208985209465,NBL1_exp,LRIG1_exp
234501,0.0016184928826987743,ABLIM1_exp,ABHD2_exp
235460,0.0016141999512910843,SLC39A6_exp,MYC_mut
235545,0.0016138204373419285,MUC1_exp,B4GALT1_exp
236095,0.0016114929458126426,MYOF_exp,GJA1_exp
236416,0.0016100835055112839,B4GALT1_exp,ABHD2_exp
237389,0.001605628291144967,SLC2A1_exp,CCND1_exp
239073,0.0015981390606611967,LAD1_exp,KRT8_exp
239122,0.001597881899215281,TFF3_exp,FLNB_exp
239242,0.0015972264809533954,NBL1_exp,MYOF_exp
239333,0.0015968671068549156,CBFA2T3_del,AQP3_exp
240814,0.0015899846330285072,SFN_exp,NBL1_exp
240883,0.0015896577388048172,KRT19_exp,ABHD2_exp
241144,0.001588542596437037,SLC2A1_exp,KRT19_exp
241329,0.0015876193065196276,NCOR2_del,FOS_exp
246246,0.001565827988088131,KRT13_exp,CBFA2T3_del
246867,0.0015633637085556984,NCOR2_del,FLNB_exp
247166,0.0015621066559106112,MYOF_exp,CD44_exp
248491,0.0015564344357699156,SLC2A1_exp,LAD1_exp
249476,0.0015522604808211327,FOS_exp,CD44_exp
252771,0.0015384155558422208,GJA1_exp,BHLHE40_exp
253279,0.0015362187987193465,LRIG1_exp,FKBP4_exp
253760,0.0015341461403295398,XBP1_exp,RET_amp
254019,0.0015330127207562327,FASN_exp,AQP3_exp
254274,0.0015319441445171833,SLC39A6_exp,SLC2A1_exp
254630,0.0015303194522857666,SLC39A6_exp,AR_amp
256712,0.0015218652551993728,SLC2A1_exp,FASN_exp
257463,0.0015188815305009484,KRT8_exp,ABHD2_exp
257828,0.0015175177250057459,KRT18_exp,ELF3_exp
259412,0.0015108613297343254,TGM2_exp,B4GALT1_exp
259950,0.0015089248772710562,TFF3_exp,CCND1_amp
260197,0.001507968525402248,ELF3_mut,CCND1_exp
260239,0.0015078261494636536,NBL1_exp,KRT13_exp
260317,0.0015075476840138435,FLNB_exp,CD44_exp
262960,0.001497217919677496,MYOF_exp,BHLHE40_exp
263055,0.001496883574873209,TFF3_exp,KRT8_exp
263145,0.0014965550508350134,NCOR2_del,AQP3_exp
264992,0.0014894077321514487,MYC_mut,FOS_exp
265362,0.0014879738446325064,FLNB_exp,CBFA2T3_del
266714,0.0014827355043962598,TGM2_exp,IGFBP4_exp
266907,0.0014819444622844458,SFN_exp,CCND1_exp
267474,0.0014797528274357319,KRT15_exp,FKBP4_exp
268621,0.001475397264584899,B4GALT1_exp,AQP3_exp
270883,0.0014667867217212915,KLF4_mut,CCND1_exp
272834,0.001459496095776558,MUC1_exp,KRT18_exp
273521,0.001456986297853291,SLC39A6_exp,MYC_amp
273668,0.001456389669328928,KRT8_exp,KRT15_exp
274190,0.0014543745201081038,LRIG1_exp,AQP3_exp
274680,0.0014524476137012243,SLC7A5_exp,FLNB_exp
275486,0.0014493550406768918,SLC7A5_exp,BHLHE40_exp
277310,0.0014426655834540725,NCOR2_del,IGFBP4_exp
279791,0.001433427445590496,NCOR2_exp,KRT15_exp
280983,0.0014289934188127518,TGM2_exp,AQP3_exp
281475,0.001427268609404564,XBP1_exp,ELF3_del
281815,0.001426049042493105,MYOF_exp,KRT8_exp
282466,0.0014237281866371632,SFN_exp,BHLHE40_exp
283330,0.001420806860551238,CCND1_mut,CCND1_exp
284526,0.001416591927409172,SFN_exp,KRT15_exp
287033,0.0014078987296670675,MUC1_exp,LRIG1_exp
287486,0.001406402443535626,KRT13_exp,FLNB_exp
287620,0.0014058159431442618,LAD1_exp,FASN_exp
290419,0.0013960129581391811,NBL1_exp,FLNB_exp
290474,0.0013958406634628773,SLC39A6_exp,CCND1_mut
291068,0.0013938512420281768,ELF3_exp,B4GALT1_exp
291292,0.0013930818531662226,TGM2_exp,NCOR2_mut
292465,0.0013891655253246427,KRT8_exp,BHLHE40_exp
296292,0.0013762249145656824,KRT18_exp,BHLHE40_exp
296408,0.0013759031426161528,FLNB_exp,ABHD2_exp
296773,0.0013745612232014537,TFF3_exp,SFN_exp
297143,0.0013733194209635258,SLC39A6_exp,ELF3_del
297490,0.0013721390860155225,TGM2_exp,LRIG1_exp
297770,0.0013712376821786165,LAD1_exp,ABHD2_exp
298182,0.0013697936665266752,GJA1_exp,ABHD2_exp
299619,0.0013649148168042302,KLF4_amp,CBFA2T3_del
301483,0.0013588772853836417,KRT13_exp,CCND1_exp
302069,0.0013568914728239179,XBP1_exp,FLNB_exp
303291,0.0013528780546039343,FKBP4_exp,B4GALT1_exp
303325,0.0013527884148061275,SLC7A5_exp,CD44_exp
306342,0.0013431714614853263,SLC2A1_exp,CBFA2T3_del
310567,0.0013294580858200788,XBP1_exp,SFN_exp
315182,0.0013152683386579156,SFN_exp,KRT19_exp
316180,0.001312163658440113,NBL1_exp,KRT19_exp
316722,0.0013105433899909258,RARA_mut,FOS_exp
317051,0.0013095388421788812,TFF3_exp,CBFA2T3_del
317326,0.0013087171828374267,KLF4_amp,IGFBP4_exp
318893,0.0013039768673479557,TGM2_exp,NBL1_exp
320586,0.0012988932430744171,IL6ST_amp,BHLHE40_exp
323783,0.0012893560342490673,LRIG1_exp,CCND1_exp
325380,0.0012846033787354827,FLNB_exp,ELF3_mut
325462,0.0012843497097492218,CCND1_exp,AR_amp
325603,0.0012839738046750426,TFF3_exp,KRT19_exp
327092,0.0012796397786587477,MUC1_exp,KRT19_exp
328232,0.0012763342820107937,KRT8_exp,ABLIM1_exp
330661,0.0012690534349530935,TGM2_exp,MYOF_exp
332884,0.0012627782998606563,XBP1_exp,ELF3_exp
334118,0.001259294105693698,ELF3_exp,BHLHE40_exp
336497,0.0012524065095931292,GJA1_exp,B4GALT1_exp
337260,0.001250178785994649,SLC39A6_exp,CD44_exp
337779,0.0012487509520724416,NCOR2_exp,KRT18_exp
337821,0.0012486466439440846,TFF3_exp,MYOF_exp
337825,0.0012486432678997517,FASN_exp,CBFA2T3_del
338114,0.0012477727141231298,BHLHE40_exp,B4GALT1_exp
339897,0.0012427103938534856,JAK2_mut,CCND1_exp
341181,0.0012390681076794863,TGM2_exp,CBFA2T3_del
342507,0.0012354739010334015,LRIG1_exp,LAD1_exp
342627,0.00123512779828161,KLF4_mut,BHLHE40_exp
343009,0.0012340772664174438,SLC7A5_exp,SLC39A6_exp
343404,0.001232994138263166,XBP1_exp,BCL2_mut
343496,0.0012327561853453517,XBP1_exp,NBL1_exp
343649,0.0012323590926826,RARA_mut,NBL1_exp
343666,0.0012323097325861454,BHLHE40_exp,ABLIM1_exp
344119,0.0012310598976910114,SFN_exp,AQP3_exp
345775,0.0012266519479453564,TGM2_exp,ABLIM1_exp
345791,0.0012266020057722926,FLNB_exp,FASN_exp
346351,0.0012251035077497363,KRT13_exp,IGFBP4_exp
347632,0.0012216679751873016,FASN_exp,ELF3_mut
347717,0.0012214628513902426,NCOR2_del,FASN_exp
348129,0.0012203541118651628,KRT15_exp,BHLHE40_exp
349547,0.0012167025124654174,NCOR2_mut,FOS_exp
352141,0.0012097542639821768,LAD1_exp,FOS_exp
356051,0.0011993253137916327,MYC_amp,FKBP4_exp
356269,0.0011987488251179457,TGM2_exp,KRT18_exp
356457,0.0011982928263023496,XBP1_exp,MYC_mut
357108,0.0011965744197368622,MYOF_exp,KRT18_exp
360729,0.0011873673647642136,KRT19_exp,ELF3_exp
360890,0.001186947338283062,SLC2A1_exp,ABHD2_exp
364427,0.0011782217770814896,SLC39A6_exp,NBL1_exp
369239,0.0011661307653412223,KRT15_exp,CCND1_exp
371889,0.0011595854302868247,SLC39A6_exp,RET_amp
375881,0.0011499397223815322,KRT15_exp,ABHD2_exp
379791,0.0011405149707570672,RARA_mut,NCOR2_exp
380999,0.0011377010960131884,IGFBP4_exp,BCL2_mut
382278,0.0011347358813509345,FOS_exp,CCND1_mut
382823,0.0011333704460412264,TGM2_exp,FLNB_exp
383109,0.001132700010202825,FOS_exp,BCL2_amp
385253,0.0011278296587988734,TFF3_exp,NCOR2_exp
390519,0.0011156323598697782,MYOF_exp,KRT13_exp
391162,0.0011141966097056866,SFN_exp,LRIG1_exp
394037,0.0011078208917751908,FKBP4_exp,BCL11B_mut
394075,0.0011077172821387649,XBP1_exp,KRT15_exp
394561,0.001106609241105616,LAD1_exp,JAK2_mut
395164,0.0011053448542952538,NBL1_exp,KRT18_exp
395412,0.0011047632433474064,JAK2_mut,FOS_exp
396815,0.0011016958160325885,FOS_exp,AR_amp
397797,0.001099439337849617,KRT13_exp,FASN_exp
400913,0.0010925889946520329,CBFA2T3_del,ABLIM1_exp
402322,0.0010895546292886138,NCOR2_del,B4GALT1_exp
403210,0.0010876278392970562,FOS_exp,BCL2_mut
404199,0.0010854097781702876,JAK2_mut,ABLIM1_exp
404301,0.0010851832339540124,TFF3_exp,B4GALT1_exp
404908,0.001083763549104333,SLC39A6_exp,SFN_exp
406474,0.001080509158782661,KRT13_exp,GJA1_exp
408852,0.0010753863025456667,KRT19_exp,BHLHE40_exp
411611,0.001069504301995039,NBL1_exp,MUC1_exp
411998,0.001068707788363099,TFF3_exp,NCOR2_del
412720,0.0010672294301912189,XBP1_exp,RARA_mut
415177,0.001061933347955346,IL6ST_amp,CCND1_exp
417000,0.0010580418165773153,LRIG1_exp,ABLIM1_exp
418612,0.0010547902202233672,TFF3_exp,FASN_exp
422558,0.00104653334710747,KRT15_exp,CBFA2T3_del
423177,0.0010453395079821348,MYOF_exp,KRT19_exp
424471,0.0010426637018099427,TGM2_exp,KRT13_exp
425610,0.0010404326021671295,TFF3_exp,AQP3_exp
425855,0.0010399473831057549,TGM2_exp,SLC2A1_exp
425988,0.0010397008154541254,KLF4_amp,CCND1_exp
428151,0.0010351933306083083,XBP1_exp,JAK2_mut
429172,0.0010331164812669158,FASN_exp,CCND1_amp
430577,0.0010305261239409447,SLC39A6_exp,RARA_mut
430651,0.0010303831659257412,TGM2_exp,CCND1_amp
433308,0.0010252469219267368,SFN_exp,FASN_exp
433352,0.0010251591447740793,TFF3_exp,RET_amp
433478,0.00102495145983994,SLC2A1_exp,NCOR2_exp
434034,0.0010238268878310919,SLC7A5_exp,AQP3_exp
435432,0.001021107891574502,XBP1_exp,IL6ST_amp
438234,0.0010157766519114375,SFN_exp,LAD1_exp
439339,0.0010136241326108575,FASN_exp,ELF3_del
439565,0.0010132002644240856,MUC1_exp,KRT8_exp
440122,0.0010120641672983766,RARA_mut,CCND1_exp
445352,0.0010023143840953708,CBFA2T3_del,BHLHE40_exp
445471,0.0010021213674917817,SLC7A5_exp,NCOR2_del
446514,0.0010001927148550749,TFF3_exp,RET_mut
447249,0.0009987868834286928,NCOR2_del,KRT15_exp
447809,0.0009977022418752313,KRT19_exp,CCND1_amp
449168,0.000995144248008728,KRT18_exp,GJA1_exp
450902,0.0009919449221342802,TGM2_exp,FASN_exp
451581,0.0009906524792313576,SLC39A6_exp,RARA_amp
452480,0.000989023712463677,TGM2_exp,AR_amp
453167,0.000987785984762013,TGM2_exp,ELF3_del
455395,0.0009837556863203645,TFF3_exp,MUC1_exp
456426,0.0009819027036428452,KLF4_mut,ELF3_exp
457832,0.0009794441284611821,MUC1_exp,GJA1_exp
458641,0.0009779061656445265,LAD1_exp,KRT15_exp
458690,0.0009778316598385572,GJA1_exp,AQP3_exp
461555,0.0009725158452056348,MUC1_exp,ABLIM1_exp
466975,0.0009631298016756773,SLC39A6_exp,B4GALT1_exp
467712,0.0009618644253350794,KLF4_mut,FKBP4_exp
467838,0.0009616410825401545,KRT18_exp,KRT15_exp
469257,0.0009592403075657785,KRT15_exp,BCL2_amp
472772,0.0009530574316158891,IGFBP4_exp,ELF3_del
474996,0.0009492269600741565,TGM2_exp,JAK2_mut
475726,0.0009480675798840821,XBP1_exp,NCOR2_mut
476794,0.000946140440646559,KRT18_exp,B4GALT1_exp
477358,0.000945128733292222,LAD1_exp,AQP3_exp
477915,0.0009441754664294422,FOS_exp,ABLIM1_exp
478113,0.0009438300621695817,SLC2A1_exp,JAK2_mut
478631,0.0009429596830159426,MUC1_exp,IGFBP4_exp
482214,0.000936667260248214,RARA_amp,ABLIM1_exp
483565,0.0009344836580567062,RARA_mut,IGFBP4_exp
483942,0.0009338707895949483,SLC7A5_exp,ELF3_exp
485006,0.0009320534882135689,MUC1_exp,BHLHE40_exp
485497,0.0009312081965617836,MYB_amp,FASN_exp
485965,0.000930450449232012,SLC39A6_exp,BCL2_amp
487975,0.0009271150338463485,SFN_exp,KRT13_exp
489162,0.0009252507006749511,TGM2_exp,JAK2_amp
489448,0.0009247982525266707,MUC1_exp,CD44_exp
491439,0.0009216371108777821,KRT18_exp,CCND1_amp
492645,0.0009197607869282365,JAK2_mut,FASN_exp
493261,0.0009187396499328315,ELF3_exp,CD44_exp
495502,0.0009150255937129259,MYC_amp,FASN_exp
497067,0.0009124101488851011,KRT19_exp,ABLIM1_exp
499031,0.0009092803811654449,MYOF_exp,AQP3_exp
499169,0.0009090660605579615,KRT19_exp,B4GALT1_exp
499594,0.0009084049961529672,CCND1_exp,CBFA2T3_del
500467,0.0009070623200386763,MYOF_exp,MYC_amp
500728,0.0009066530619747937,CD44_exp,BHLHE40_exp
500833,0.0009064796031452715,XBP1_exp,MYB_amp
504595,0.0009004801977425814,SLC7A5_exp,LRIG1_exp
507262,0.0008962842985056341,NCOR2_exp,KRT13_exp
507941,0.0008952684001997113,KLF4_amp,GJA1_exp
509276,0.0008933308417908847,FLNB_exp,ELF3_del
509735,0.0008926365408115089,CD44_exp,CCND1_exp
510279,0.0008917346131056547,TGM2_exp,KLF4_mut
511777,0.000889315502718091,XBP1_exp,AR_amp
511814,0.0008892675978131592,FKBP4_exp,BCL2_amp
515410,0.0008836344932205975,RARA_amp,FKBP4_exp
515705,0.0008832117891870439,CBFA2T3_del,AR_amp
515724,0.0008831751765683293,MYB_amp,FOS_exp
517407,0.0008806406403891742,MUC1_exp,KRT13_exp
518262,0.0008793905144557357,KRT15_exp,FLNB_exp
519381,0.0008778289193287492,MYC_amp,CCND1_exp
521318,0.0008748105028644204,GJA1_exp,BCL2_amp
521666,0.0008742624777369201,TFF3_exp,MYC_mut
522090,0.0008736232412047684,KLF4_mut,ABHD2_exp
523185,0.0008720065816305578,XBP1_exp,BCL11B_mut
524848,0.000869418028742075,NCOR2_exp,KRT8_exp
526114,0.0008674857090227306,MYOF_exp,KLF4_mut
527855,0.0008649787050671875,KRT15_exp,AQP3_exp
529534,0.0008623594185337424,KLF4_amp,FLNB_exp
529691,0.0008620885782875121,XBP1_exp,JAK2_amp
530432,0.0008609528304077685,NBL1_exp,MYC_amp
530927,0.0008602015441283584,RET_amp,IGFBP4_exp
530997,0.0008601159206591547,IL6ST_amp,FLNB_exp
531848,0.0008588913478888571,SFN_exp,CBFA2T3_del
532600,0.0008578333654440939,NBL1_exp,GJA1_exp
536123,0.0008527805330231786,ELF3_mut,BHLHE40_exp
538772,0.0008488725870847702,LAD1_exp,AR_amp
540235,0.0008467506268061697,CCND1_amp,ABLIM1_exp
540441,0.0008464057464152575,MUC1_exp,FLNB_exp
542151,0.0008439746452495456,TGM2_exp,BHLHE40_exp
543303,0.0008423379622399807,LRIG1_exp,IGFBP4_exp
545251,0.0008395747863687575,RARA_amp,FASN_exp
547142,0.0008369580027647316,MYC_amp,ABLIM1_exp
548889,0.0008344869711436331,MUC1_exp,ELF3_del
549935,0.0008329323609359562,SFN_exp,MUC1_exp
556604,0.0008236060384660959,FLNB_exp,AR_amp
557536,0.000822300324216485,KRT15_exp,FASN_exp
557624,0.0008221743628382683,ELF3_mut,AQP3_exp
558418,0.0008211203385144472,CBFA2T3_del,B4GALT1_exp
558777,0.0008206267957575619,MYC_mut,ABLIM1_exp
559229,0.0008200190495699644,MYOF_exp,ELF3_exp
560068,0.000818917469587177,XBP1_exp,MYC_amp
561579,0.0008168775821104646,SLC39A6_exp,RET_mut
562367,0.0008157803094945848,NCOR2_exp,MYOF_exp
563198,0.0008146017789840698,KRT18_exp,CD44_exp
563998,0.0008134699892252684,CCND1_amp,BHLHE40_exp
564506,0.0008127921028062701,MYC_amp,IGFBP4_exp
565732,0.00081117037916556,MYC_mut,LRIG1_exp
568075,0.0008078975952230394,IGFBP4_exp,CD44_exp
568717,0.0008070259937085211,RET_mut,FOS_exp
569252,0.000806282099802047,SLC7A5_exp,KRT15_exp
570497,0.0008046525763347745,FOS_exp,ELF3_del
571443,0.0008033622871153057,KLF4_mut,ABLIM1_exp
572154,0.000802443188149482,NBL1_exp,CD44_exp
573377,0.0008008185541257262,JAK2_mut,FKBP4_exp
573800,0.0008002625545486808,AR_mut,AQP3_exp
573812,0.0008002446847967803,NBL1_exp,B4GALT1_exp
576360,0.0007968666614033282,KRT13_exp,AQP3_exp
577247,0.0007956875488162041,SLC7A5_exp,B4GALT1_exp
578153,0.0007945175166241825,SLC7A5_exp,NBL1_exp
579129,0.000793174491263926,NCOR2_mut,FKBP4_exp
580909,0.0007908417610451579,NCOR2_del,NBL1_exp
582509,0.0007888989639468491,MYOF_exp,ELF3_mut
582813,0.0007884430233389139,TFF3_exp,RARA_mut
583833,0.000787159486208111,MYC_amp,FOS_exp
585257,0.0007853080751374364,SLC2A1_exp,FLNB_exp
585639,0.0007847727392800152,BHLHE40_exp,AQP3_exp
586808,0.0007833308773115277,LRIG1_exp,ABHD2_exp
588788,0.0007807579240761697,ELF3_del,BHLHE40_exp
590160,0.0007790193776600063,FASN_exp,BCL2_amp
592228,0.00077634840272367,NCOR2_mut,ABLIM1_exp
592314,0.0007762485183775425,LAD1_exp,CCND1_amp
595304,0.0007725955219939351,SLC2A1_exp,B4GALT1_exp
595724,0.0007721104193478823,FOS_exp,ELF3_mut
596059,0.0007716937689110637,AQP3_exp,ABHD2_exp
596400,0.0007712946971878409,NCOR2_exp,B4GALT1_exp
596821,0.0007707900367677212,MYOF_exp,BCL2_amp
597530,0.000769898178987205,CCND1_amp,CBFA2T3_del
601565,0.0007648894679732621,RET_amp,FKBP4_exp
603081,0.0007630290929228067,FLNB_exp,BCL2_mut
603631,0.0007623885758221149,KRT8_exp,GJA1_exp
604709,0.0007610215106979012,RARA_mut,KRT18_exp
605300,0.0007602981640957296,RET_amp,KRT15_exp
606044,0.0007593703921884298,RET_mut,FASN_exp
606643,0.0007586203282698989,TGM2_exp,MYC_amp
610213,0.0007542910752817988,IL6ST_amp,GJA1_exp
612984,0.0007509244023822248,MYC_amp,LAD1_exp
613362,0.0007504611276090145,IL6ST_amp,FKBP4_exp
614891,0.0007486763643100858,XBP1_exp,KLF4_mut
615966,0.0007473577279597521,SLC7A5_exp,NCOR2_exp
619118,0.000743595534004271,NCOR2_del,ABLIM1_exp
620658,0.0007417020387947559,KLF4_amp,FOS_exp
621229,0.0007409814861603081,FASN_exp,CCND1_mut
621299,0.0007409043028019369,XBP1_exp,MYOF_exp
621802,0.0007403074414469302,LRIG1_exp,KRT13_exp
622706,0.0007392395636998117,RET_amp,CCND1_exp
625071,0.0007364947814494371,RARA_amp,MYOF_exp
625447,0.0007361027528531849,XBP1_exp,AR_mut
625998,0.0007354777189902961,TFF3_exp,SLC7A5_exp
626306,0.0007351256208494306,FKBP4_exp,ELF3_del
627060,0.0007342211902141571,NCOR2_exp,LAD1_exp
627386,0.0007338193827308714,NBL1_exp,BCL2_amp
627984,0.0007331299129873514,FOS_exp,AR_mut
630021,0.0007307403720915318,SFN_exp,FKBP4_exp
631317,0.0007291727815754712,SFN_exp,RET_mut
631347,0.0007291288347914815,JAK2_amp,CCND1_exp
631787,0.0007285755127668381,TGM2_exp,RARA_amp
633280,0.0007268796907737851,RARA_amp,CCND1_exp
634003,0.0007260751444846392,KRT15_exp,IL6ST_amp
634621,0.0007253671064972878,NCOR2_del,CCND1_amp
637435,0.0007221512496471405,LAD1_exp,ABLIM1_exp
639898,0.0007194021018221974,IGFBP4_exp,ELF3_mut
640028,0.0007192589109763503,CCND1_exp,BCL2_mut
640748,0.0007183915004134178,NCOR2_del,ABHD2_exp
642836,0.0007159858359955251,NCOR2_del,IL6ST_amp
643392,0.0007153318147175014,LRIG1_exp,KRT19_exp
647191,0.0007110527367331088,SLC39A6_exp,IL6ST_amp
649615,0.0007083225646056235,TFF3_exp,IL6ST_amp
649876,0.0007079892093315721,NCOR2_exp,AR_amp
649928,0.0007079321076162159,MYOF_exp,B4GALT1_exp
653736,0.000703647150658071,AR_amp,ABHD2_exp
654163,0.0007031835848465562,MYC_amp,FLNB_exp
655667,0.0007015209412202239,NCOR2_mut,CBFA2T3_del
665755,0.0006905726622790098,NBL1_exp,ELF3_exp
667983,0.0006881779991090298,NCOR2_exp,KLF4_amp
669831,0.0006861690199002624,MYB_amp,BHLHE40_exp
670780,0.0006851258804090321,LAD1_exp,IL6ST_amp
671272,0.0006846096366643906,FKBP4_exp,AR_mut
671660,0.0006841631839051843,NCOR2_del,CD44_exp
672669,0.0006829898338764906,NCOR2_exp,ABLIM1_exp
673209,0.0006823960575275123,RET_mut,LAD1_exp
676143,0.000679177523124963,NBL1_exp,BHLHE40_exp
676157,0.0006791652413085103,MYB_amp,FKBP4_exp
676417,0.0006788843311369419,LRIG1_exp,KLF4_amp
679969,0.0006751579931005836,SLC7A5_exp,CCND1_amp
682232,0.0006727696163579822,TGM2_exp,IL6ST_amp
685051,0.0006698209908790886,SLC39A6_exp,JAK2_amp
688347,0.0006663491949439049,BHLHE40_exp,BCL11B_mut
689507,0.0006651462172158062,ELF3_exp,ABHD2_exp
689774,0.0006648701382800937,SFN_exp,ELF3_del
700347,0.0006541883922182024,SLC7A5_exp,MYOF_exp
701007,0.0006534526473842561,MUC1_exp,KLF4_mut
701654,0.0006527687655761838,XBP1_exp,ELF3_mut
703477,0.0006509526283480227,NCOR2_exp,CCND1_mut
703755,0.0006506384816020727,JAK2_mut,IGFBP4_exp
703852,0.0006505483761429787,SLC2A1_exp,BCL2_amp
704386,0.0006499954615719616,KRT15_exp,ELF3_del
705585,0.0006488122744485736,BHLHE40_exp,BCL2_mut
706312,0.0006480730953626335,SLC2A1_exp,MYOF_exp
706603,0.0006477562710642815,MYB_amp,CBFA2T3_del
706778,0.0006475822301581502,TGM2_exp,CCND1_mut
707497,0.0006468410138040781,KRT8_exp,CD44_exp
709269,0.000645078718662262,BCL2_amp,ABLIM1_exp
712041,0.0006424091407097876,SLC7A5_exp,IL6ST_amp
712099,0.000642364495433867,RET_amp,MYOF_exp
712706,0.0006417343392968178,KRT13_exp,B4GALT1_exp
714549,0.0006398683181032538,CD44_exp,CBFA2T3_del
716034,0.0006384726730175316,FKBP4_exp,CCND1_mut
717563,0.0006369652692228556,MYB_amp,GJA1_exp
718004,0.0006365570588968694,RET_mut,GJA1_exp
718950,0.0006356430239975452,RARA_amp,LAD1_exp
719693,0.0006349590257741511,NCOR2_del,ELF3_mut
719902,0.0006347557064145803,FLNB_exp,BCL2_amp
721648,0.0006330591859295964,SLC2A1_exp,NCOR2_del
726201,0.0006285955314524472,KRT13_exp,CCND1_amp
727587,0.0006272744503803551,RARA_amp,MUC1_exp
727889,0.0006269706645980477,KRT19_exp,ELF3_mut
730278,0.000624571111984551,KRT15_exp,ABLIM1_exp
733550,0.0006215063622221351,TGM2_exp,BCL11B_mut
733881,0.0006212121807038784,MYOF_exp,CBFA2T3_del
736212,0.0006189682171680033,RARA_mut,AQP3_exp
737384,0.000617866578977555,LAD1_exp,BCL2_mut
737571,0.0006176865426823497,RARA_amp,KRT15_exp
738482,0.0006168237305246294,SFN_exp,ABHD2_exp
738612,0.0006167065585032105,FKBP4_exp,BCL2_mut
741303,0.0006142164347693324,MYOF_exp,LRIG1_exp
743444,0.0006122157792560756,FLNB_exp,B4GALT1_exp
743825,0.0006118273013271391,MUC1_exp,BCL2_amp
745924,0.0006099074380472302,NCOR2_exp,AQP3_exp
747183,0.0006087392685003579,KRT18_exp,ABLIM1_exp
748519,0.0006075904238969088,NCOR2_exp,MUC1_exp
751014,0.0006053197430446744,ELF3_del,AQP3_exp
751369,0.0006049833027645946,RET_mut,ELF3_exp
753414,0.0006031418452039361,RET_mut,NBL1_exp
753683,0.0006028698408044875,SLC2A1_exp,CCND1_amp
754942,0.0006017086561769247,MYC_mut,FKBP4_exp
755444,0.0006012457888573408,ELF3_exp,BCL2_mut
756148,0.0006006181938573718,SLC2A1_exp,MYC_amp
757714,0.0005992623046040535,SLC7A5_exp,MYC_amp
758609,0.0005984120653010905,KRT13_exp,ABLIM1_exp
763320,0.0005940656992606819,JAK2_amp,ABHD2_exp
763901,0.0005935571971349418,MYOF_exp,MUC1_exp
763961,0.0005935037042945623,LAD1_exp,BCL2_amp
764063,0.0005934005021117628,NBL1_exp,CCND1_amp
765521,0.0005921362317167222,MYB_amp,KRT19_exp
767520,0.0005903163691982627,RET_mut,FLNB_exp
769212,0.0005887907464057207,KRT8_exp,ELF3_mut
769247,0.0005887657753191888,SFN_exp,AR_amp
770014,0.0005880948156118393,RET_amp,FASN_exp
771061,0.0005871446337550879,TFF3_exp,ELF3_mut
771500,0.0005867615691386163,SFN_exp,MYOF_exp
772421,0.0005859703524038196,NCOR2_mut,LRIG1_exp
775072,0.0005835311021655798,MYB_amp,FLNB_exp
775966,0.0005827172426506877,KLF4_amp,FKBP4_exp
776332,0.0005824108375236392,MUC1_exp,FASN_exp
777695,0.0005811450537294149,RET_amp,FOS_exp
779903,0.000579172105062753,FKBP4_exp,CD44_exp
779924,0.0005791598814539611,SLC2A1_exp,ELF3_mut
780313,0.0005788237904198468,NBL1_exp,AR_amp
781484,0.0005778081249445677,KLF4_mut,CBFA2T3_del
781658,0.0005776635953225195,CCND1_exp,BCL11B_mut
781773,0.000577546888962388,NCOR2_del,MYC_amp
783868,0.0005756744649261236,KRT19_exp,AQP3_exp
786943,0.0005730051780119538,LRIG1_exp,CCND1_amp
787011,0.0005729473195970058,AR_mut,ABHD2_exp
787040,0.0005729278782382607,BCL11B_mut,AQP3_exp
793086,0.0005676723667420447,RET_mut,KRT18_exp
793318,0.0005674639833159745,LRIG1_exp,KRT15_exp
793510,0.0005673086270689964,GJA1_exp,CCND1_amp
794724,0.0005662989569827914,JAK2_amp,BHLHE40_exp
795869,0.0005653893458656967,TGM2_exp,RET_amp
796579,0.000564748770557344,MYOF_exp,KRT15_exp
798351,0.0005632125539705157,KRT13_exp,CCND1_mut
798938,0.0005627250066027045,XBP1_exp,CCND1_mut
802040,0.00056002929341048,SFN_exp,KRT18_exp
803460,0.0005588080384768546,MYOF_exp,CCND1_mut
805743,0.0005567700136452913,JAK2_mut,FLNB_exp
806306,0.000556323619093746,TFF3_exp,JAK2_mut
807224,0.0005555794923566282,KRT8_exp,CCND1_amp
808131,0.0005547725595533848,ELF3_mut,ABLIM1_exp
808547,0.0005544142331928015,NCOR2_mut,NBL1_exp
809676,0.0005534602678380907,NCOR2_mut,LAD1_exp
810153,0.0005530532216653228,FASN_exp,ABLIM1_exp
810527,0.0005527358734980226,CD44_exp,AR_amp
811684,0.0005517423851415515,SLC2A1_exp,KLF4_mut
812051,0.0005514394724741578,ELF3_del,ABHD2_exp
812632,0.0005509756156243384,SLC2A1_exp,KRT8_exp
814794,0.0005490737385116518,SLC2A1_exp,MYB_amp
816188,0.0005479230312630534,RARA_mut,MYOF_exp
820511,0.0005442067631520331,LRIG1_exp,ELF3_del
820998,0.00054377899505198,RET_amp,KRT18_exp
823628,0.0005415244959294796,MYOF_exp,JAK2_amp
824572,0.0005407398566603661,KRT13_exp,FOS_exp
824843,0.0005404968396760523,ELF3_mut,CBFA2T3_del
824928,0.0005404122639447451,KRT13_exp,AR_amp
825101,0.0005402649403549731,KRT8_exp,CBFA2T3_del
826358,0.000539205560926348,MYC_mut,MUC1_exp
827014,0.0005386883858591318,NCOR2_del,KRT19_exp
827075,0.0005386195261962712,LAD1_exp,CD44_exp
828552,0.0005373828462325037,SFN_exp,NCOR2_del
828876,0.0005370957660488784,MYOF_exp,FKBP4_exp
829144,0.0005369012360461056,BCL2_mut,ABLIM1_exp
829630,0.000536498031578958,KRT18_exp,AQP3_exp
829844,0.0005363196833059192,CD44_exp,ABLIM1_exp
835231,0.0005319733754731715,BHLHE40_exp,AR_amp
835810,0.0005314790760166943,ELF3_exp,ELF3_del
836220,0.0005311589920893312,LRIG1_exp,BHLHE40_exp
838459,0.0005292371497489512,SLC7A5_exp,CCND1_mut
839350,0.0005285092629492283,SFN_exp,CD44_exp
841332,0.0005268980166874826,LAD1_exp,KRT19_exp
841767,0.0005265439976938069,BCL2_amp,AQP3_exp
842104,0.0005262891063466668,SLC7A5_exp,AR_mut
843644,0.0005250696558505297,SLC7A5_exp,SLC2A1_exp
843670,0.0005250475369393826,RARA_amp,AQP3_exp
844103,0.0005246928194537759,CCND1_exp,AR_mut
845656,0.0005234701093286276,KRT18_exp,AR_mut
846061,0.0005231489194557071,TFF3_exp,MYC_amp
847264,0.0005221475148573518,NCOR2_mut,CD44_exp
847674,0.0005218363367021084,SLC2A1_exp,ELF3_del
848181,0.000521400710567832,TFF3_exp,BHLHE40_exp
851431,0.000518712040502578,KRT19_exp,CD44_exp
851590,0.000518576824106276,NCOR2_mut,ELF3_exp
857731,0.0005135860992595553,SLC2A1_exp,KRT18_exp
858029,0.0005133714876137674,KRT13_exp,ELF3_del
860114,0.0005117050022818148,JAK2_mut,CBFA2T3_del
861731,0.0005104109877720475,KRT8_exp,AQP3_exp
863022,0.0005093858926557004,LAD1_exp,ELF3_mut
863408,0.0005090757040306926,NCOR2_exp,BHLHE40_exp
864079,0.000508559518493712,NCOR2_mut,KRT18_exp
864150,0.0005085010197944939,NCOR2_del,LRIG1_exp
872271,0.0005020332173444331,JAK2_amp,ABLIM1_exp
872442,0.0005019000382162631,MYOF_exp,AR_mut
873277,0.000501251604873687,SLC7A5_exp,JAK2_amp
874182,0.0005005347775295377,ELF3_del,CCND1_exp
875098,0.0004998447839170694,NCOR2_exp,ABHD2_exp
875224,0.0004997343057766557,KRT13_exp,IL6ST_amp
875667,0.0004993509501218796,SLC7A5_exp,KRT18_exp
876686,0.0004985367995686829,NBL1_exp,ELF3_mut
878864,0.0004968218272551894,LAD1_exp,KLF4_mut
881838,0.0004945326363667846,KRT13_exp,JAK2_mut
886836,0.0004906299291178584,BCL11B_mut,ABHD2_exp
887349,0.0004902203800156713,KLF4_mut,IGFBP4_exp
888471,0.0004893302684649825,NCOR2_exp,ELF3_mut
890709,0.0004876048187725246,TGM2_exp,BCL2_amp
891920,0.00048669494572095573,KLF4_mut,FASN_exp
893034,0.00048583350144326687,RARA_amp,NBL1_exp
893083,0.0004857889434788376,SFN_exp,ELF3_exp
896311,0.0004833397106267512,MYC_mut,CCND1_exp
897119,0.00048275411245413125,FLNB_exp,AQP3_exp
897186,0.0004826976510230452,BCL11B_mut,B4GALT1_exp
897765,0.00048226965009234846,RET_amp,FLNB_exp
899372,0.00048105360474437475,SLC2A1_exp,RARA_amp
901959,0.0004790686652995646,NCOR2_del,MYB_amp
902237,0.0004788615624420345,TGM2_exp,RARA_mut
903623,0.00047781370813027024,MYC_amp,CBFA2T3_del
903774,0.00047772208927199244,MYB_amp,LAD1_exp
903923,0.00047761594760231674,NCOR2_exp,IGFBP4_exp
904556,0.0004771624517161399,ELF3_del,B4GALT1_exp
905336,0.00047656724927946925,TGM2_exp,KRT8_exp
905975,0.00047610377077944577,RARA_amp,IGFBP4_exp
907210,0.0004751560336444527,RARA_mut,KRT8_exp
907229,0.00047513970639556646,SLC7A5_exp,ABLIM1_exp
908410,0.00047426429227925837,KRT15_exp,AR_amp
910882,0.00047239940613508224,IL6ST_amp,FASN_exp
910955,0.0004723456804640591,BHLHE40_exp,ABHD2_exp
911181,0.0004721808363683522,XBP1_exp,SLC7A5_exp
913186,0.000470749189844355,CCND1_mut,CBFA2T3_del
913999,0.0004701287834905088,SFN_exp,FLNB_exp
915896,0.0004686707688961178,NCOR2_exp,CBFA2T3_del
916438,0.0004682607250288129,NCOR2_del,BHLHE40_exp
918130,0.0004669735499192029,IL6ST_amp,ABLIM1_exp
921649,0.0004644630244001746,TGM2_exp,BCL2_mut
923514,0.0004631234332919121,ELF3_exp,BCL11B_mut
924805,0.00046215354814194143,ELF3_exp,CBFA2T3_del
925628,0.0004615281359292567,NCOR2_del,MYC_mut
925770,0.0004614192876033485,MUC1_exp,KRT15_exp
926393,0.00046095429570414126,MYC_mut,ABHD2_exp
926453,0.0004609098541550338,TFF3_exp,KRT13_exp
927759,0.0004599119129125029,SFN_exp,CCND1_mut
930863,0.00045765750110149384,MYB_amp,CCND1_exp
931725,0.0004570578457787633,NCOR2_exp,GJA1_exp
932406,0.0004565631679724902,SLC7A5_exp,RET_mut
933333,0.0004558821383398026,KRT18_exp,ELF3_mut
935613,0.0004542687674984336,NCOR2_mut,CCND1_exp
936600,0.0004535341286100447,RET_amp,GJA1_exp
936815,0.00045339041389524937,NCOR2_del,JAK2_amp
938306,0.00045231881085783243,TFF3_exp,NCOR2_mut
939303,0.00045159761793911457,XBP1_exp,CD44_exp
939583,0.00045137613778933883,CCND1_mut,ABHD2_exp
939994,0.00045108047197572887,RARA_amp,FOS_exp
940455,0.0004507567500695586,MUC1_exp,BCL11B_mut
940922,0.0004504061071202159,JAK2_amp,FKBP4_exp
941627,0.00044989518937654793,SLC2A1_exp,IL6ST_amp
941825,0.0004497605259530246,FKBP4_exp,AR_amp
942388,0.00044935301411896944,RET_amp,BHLHE40_exp
942745,0.0004490959399845451,SLC2A1_exp,LRIG1_exp
943621,0.00044850000995211303,KRT15_exp,BCL11B_mut
944562,0.000447827042080462,KRT19_exp,BCL11B_mut
945290,0.00044732671813108027,JAK2_mut,CD44_exp
946412,0.000446496153017506,SLC39A6_exp,BCL11B_mut
946962,0.0004460968484636396,RET_mut,AQP3_exp
947746,0.0004455244925338775,MYB_amp,CD44_exp
949072,0.0004445925587788224,NCOR2_mut,KRT8_exp
951988,0.00044244970194995403,JAK2_mut,ABHD2_exp
953730,0.0004411926493048668,MYC_amp,ELF3_exp
956250,0.0004393846320454031,MYOF_exp,JAK2_mut
957315,0.00043860392179340124,KRT19_exp,AR_mut
957999,0.00043810848728753626,SLC7A5_exp,SFN_exp
959494,0.0004370507667772472,MYB_amp,KRT8_exp
959680,0.0004369182570371777,CCND1_mut,BHLHE40_exp
961612,0.0004355221171863377,RET_mut,CBFA2T3_del
961846,0.00043536644079722464,NCOR2_mut,FLNB_exp
962657,0.00043478989391587675,ELF3_mut,ABHD2_exp
962728,0.0004347452777437866,NCOR2_mut,B4GALT1_exp
963531,0.00043419579742476344,FLNB_exp,BCL11B_mut
965847,0.00043256295612081885,RARA_amp,BHLHE40_exp
968232,0.0004308675415813923,KLF4_mut,GJA1_exp
971245,0.0004286885668989271,ELF3_mut,B4GALT1_exp
971819,0.0004282955196686089,GJA1_exp,AR_mut
972125,0.0004280789871700108,IGFBP4_exp,CCND1_mut
974459,0.0004264820599928498,KLF4_amp,FASN_exp
977265,0.0004245273594278842,SLC7A5_exp,ELF3_mut
977634,0.00042425928404554725,NCOR2_mut,KRT13_exp
977683,0.00042422738624736667,MYC_mut,KRT18_exp
978568,0.0004235982778482139,NCOR2_del,ELF3_exp
978805,0.0004234265652485192,IL6ST_amp,CBFA2T3_del
979457,0.0004229523765388876,MYC_mut,KRT8_exp
981188,0.0004217837704345584,MYC_mut,KRT15_exp
981307,0.00042169925291091204,IGFBP4_exp,BCL11B_mut
985016,0.0004191123298369348,RET_mut,CCND1_exp
985268,0.0004189340106677264,LRIG1_exp,AR_amp
985598,0.0004187020240351558,NBL1_exp,JAK2_amp
988425,0.0004167337901890278,LRIG1_exp,IL6ST_amp
988793,0.00041648733895272017,MYC_mut,CBFA2T3_del
992910,0.00041371543193235993,BHLHE40_exp,AR_mut
993148,0.0004135528870392591,MYB_amp,KRT18_exp
993371,0.00041339214658364654,RET_mut,KRT15_exp
994872,0.0004123896360397339,NCOR2_del,GJA1_exp
995296,0.0004121108213439584,KRT15_exp,KLF4_amp
995470,0.00041199661791324615,NCOR2_exp,LRIG1_exp
996072,0.00041159422835335135,JAK2_mut,BHLHE40_exp
996135,0.00041155697545036674,MYC_amp,ABHD2_exp
996140,0.00041155461804009974,B4GALT1_exp,AR_mut
996788,0.0004111258313059807,SLC7A5_exp,NCOR2_mut
997345,0.00041075542685575783,GJA1_exp,AR_amp
999588,0.00040914048440754414,CBFA2T3_del,AR_mut
1000663,0.00040841737063601613,TGM2_exp,ELF3_mut
1001191,0.0004080603248439729,SFN_exp,ABLIM1_exp
1001540,0.00040782615542411804,TGM2_exp,MYC_mut
1002087,0.00040743863792158663,MYC_mut,LAD1_exp
1002255,0.0004073279269505292,TGM2_exp,KLF4_amp
1002781,0.0004069798160344362,KRT19_exp,KRT13_exp
1003589,0.0004064427630510181,SLC7A5_exp,KRT19_exp
1005130,0.0004053736920468509,NCOR2_exp,CD44_exp
1005530,0.00040510075632482767,JAK2_amp,FOS_exp
1007036,0.00040404562605544925,RARA_amp,KRT13_exp
1007947,0.0004034258599858731,SFN_exp,RET_amp
1010181,0.00040190783329308033,XBP1_exp,RARA_amp
1011132,0.00040123838698491454,SFN_exp,BCL2_amp
1011264,0.0004011401906609535,NBL1_exp,BCL11B_mut
1011323,0.00040109502151608467,SFN_exp,JAK2_mut
1011671,0.0004008749092463404,CCND1_amp,AQP3_exp
1012443,0.00040034696576185524,B4GALT1_exp,AR_amp
1012472,0.0004003324720542878,SLC7A5_exp,KRT13_exp
1013592,0.00039960513822734356,MYC_amp,KRT8_exp
1016820,0.0003974540450144559,RARA_amp,CD44_exp
1020342,0.00039506974280811846,RARA_amp,NCOR2_exp
1021051,0.0003945846692658961,JAK2_amp,IGFBP4_exp
1022973,0.0003933390253223479,KRT13_exp,BCL11B_mut
1023750,0.00039282283978536725,NCOR2_mut,AQP3_exp
1024503,0.00039233564166352153,KLF4_amp,B4GALT1_exp
1025535,0.00039166590431705117,MYC_mut,KRT19_exp
1029729,0.00038885476533323526,KRT8_exp,AR_amp
1031226,0.00038785027572885156,RARA_mut,NCOR2_del
1031561,0.0003876167465932667,KRT15_exp,B4GALT1_exp
1032168,0.0003872107481583953,KRT15_exp,JAK2_amp
1032573,0.0003869420615956187,GJA1_exp,ELF3_mut
1033417,0.0003863994206767529,KRT8_exp,KRT13_exp
1034406,0.00038574746577069163,NCOR2_del,MYOF_exp
1036473,0.0003844229504466057,MUC1_exp,CCND1_mut
1038005,0.0003834210510831326,SLC2A1_exp,CCND1_mut
1038224,0.0003832629881799221,RET_amp,KRT8_exp
1038670,0.0003829674096778035,NBL1_exp,BCL2_mut
1039636,0.00038229909841902554,ELF3_exp,CCND1_mut
1040452,0.0003817810502368957,RET_mut,B4GALT1_exp
1040472,0.00038175820372998714,ELF3_mut,BCL2_mut
1041900,0.00038078814395703375,SFN_exp,RARA_mut
1044162,0.00037934683496132493,NBL1_exp,CCND1_mut
1044770,0.0003789450856857002,RET_mut,KRT13_exp
1046162,0.00037805273314006627,SLC7A5_exp,BCL2_mut
1046627,0.00037775159580633044,CD44_exp,B4GALT1_exp
1047247,0.0003773396310862154,KLF4_amp,AQP3_exp
1048624,0.0003764700086321682,RET_mut,ABHD2_exp
1048692,0.00037640047958120704,KRT13_exp,CD44_exp
1049020,0.00037617061752825975,IL6ST_amp,ELF3_exp
1049804,0.0003756611840799451,LRIG1_exp,BCL11B_mut
1049815,0.00037565623642876744,RARA_mut,LAD1_exp
1050079,0.0003754999488592148,FASN_exp,AR_mut
1052222,0.00037410022923722863,KRT15_exp,ELF3_mut
1052744,0.0003737490333151072,MYC_amp,AQP3_exp
1054132,0.00037282821722328663,NCOR2_mut,NCOR2_del
1056228,0.00037145556416362524,SLC2A1_exp,RARA_mut
1057915,0.00037040363531559706,RARA_mut,FASN_exp
1059824,0.0003691716701723635,MYC_mut,FASN_exp
1061596,0.0003680324589367956,NBL1_exp,ELF3_del
1062707,0.000367306696716696,RARA_mut,ELF3_exp
1062924,0.0003671651938930154,SLC7A5_exp,BCL11B_mut
1064882,0.00036590558011084795,SLC39A6_exp,AR_mut
1065165,0.00036571547389030457,SLC7A5_exp,BCL2_amp
1065238,0.00036567935603670776,SLC7A5_exp,KLF4_amp
1065981,0.00036515953252092004,XBP1_exp,BCL2_amp
1068042,0.0003638069028966129,FASN_exp,B4GALT1_exp
1068848,0.0003632970619946718,KRT19_exp,AR_amp
1069087,0.0003631502913776785,ELF3_mut,CD44_exp
1069088,0.00036314985482022166,SFN_exp,NCOR2_mut
1069766,0.00036273759906180203,ELF3_del,ABLIM1_exp
1071447,0.0003616265021264553,RARA_amp,GJA1_exp
1073348,0.00036042765714228153,MYB_amp,IGFBP4_exp
1075771,0.00035887776175513864,RARA_amp,ABHD2_exp
1075849,0.00035881955409422517,MYB_amp,MUC1_exp
1079312,0.00035660419962368906,KRT13_exp,JAK2_amp
1084514,0.00035327859222888947,RARA_amp,FLNB_exp
1085469,0.00035271435626782477,MYB_amp,ELF3_exp
1086500,0.0003520370228216052,RET_mut,MUC1_exp
1087386,0.00035146824666298926,GJA1_exp,BCL11B_mut
1087646,0.0003513091360218823,ELF3_del,CBFA2T3_del
1087779,0.00035123026464134455,KLF4_amp,ABHD2_exp
1089120,0.0003503786283545196,CBFA2T3_del,BCL11B_mut
1089844,0.00034993106964975595,MUC1_exp,IL6ST_amp
1090160,0.00034973755828104913,KRT18_exp,BCL11B_mut
1093405,0.0003476575657259673,JAK2_amp,AQP3_exp
1093748,0.0003474263066891581,NBL1_exp,MYC_mut
1095029,0.00034662638790905476,RARA_amp,CBFA2T3_del
1095404,0.0003463924222160131,NBL1_exp,IL6ST_amp
1095817,0.0003461180895101279,CCND1_amp,AR_amp
1096027,0.00034597975900396705,SLC2A1_exp,JAK2_amp
1097070,0.0003453333047218621,MYC_mut,AQP3_exp
1097803,0.00034487986704334617,TFF3_exp,RARA_amp
1098268,0.0003446029149927199,CBFA2T3_del,BCL2_mut
1098441,0.00034450943348929286,SLC2A1_exp,RET_amp
1099481,0.00034386100014671683,KRT15_exp,CCND1_amp
1099512,0.0003438388230279088,RET_amp,MUC1_exp
1105902,0.0003398855624254793,RET_mut,BHLHE40_exp
1106686,0.0003393827937543392,KRT8_exp,BCL11B_mut
1108264,0.00033847882878035307,MYC_mut,GJA1_exp
1109144,0.0003379247209522873,RET_amp,CD44_exp
1109278,0.0003378352557774633,NCOR2_exp,MYC_mut
1113083,0.0003354832006152719,ELF3_exp,CCND1_amp
1115074,0.0003342365089338273,SLC2A1_exp,KLF4_amp
1115221,0.0003341575211379677,TGM2_exp,MYB_amp
1115447,0.00033400405663996935,MUC1_exp,JAK2_mut
1115734,0.00033383083064109087,TGM2_exp,NCOR2_del
1117022,0.00033302552765235305,JAK2_amp,GJA1_exp
1117933,0.0003324670542497188,NCOR2_del,BCL2_amp
1118448,0.0003321775875519961,SLC7A5_exp,LAD1_exp
1119596,0.00033145074849016964,MYC_amp,BHLHE40_exp
1120797,0.000330717652104795,TFF3_exp,KLF4_amp
1123510,0.00032905006082728505,SFN_exp,RARA_amp
1124092,0.0003286993014626205,CD44_exp,AR_mut
1125336,0.0003279038646724075,NCOR2_exp,JAK2_mut
1125630,0.0003277348296251148,SFN_exp,NCOR2_exp
1127446,0.00032665650360286236,TFF3_exp,CD44_exp
1128284,0.00032611723872832954,BCL11B_mut,ABLIM1_exp
1129367,0.00032544753048568964,FLNB_exp,CCND1_amp
1129729,0.00032523443223908544,RARA_mut,ABHD2_exp
1133669,0.0003228660789318383,CCND1_mut,AQP3_exp
1133709,0.00032284617191180587,SFN_exp,JAK2_amp
1134296,0.00032249040668830276,KRT18_exp,KLF4_mut
1136474,0.0003211117291357368,NCOR2_exp,BCL2_mut
1138640,0.0003198094782419503,KRT8_exp,AR_mut
1141571,0.0003180267522111535,SLC2A1_exp,BCL2_mut
1142167,0.0003176771569997072,BCL2_mut,ABHD2_exp
1142736,0.0003173502045683563,JAK2_amp,CD44_exp
1144795,0.00031609824509359896,NCOR2_del,LAD1_exp
1144886,0.0003160439955536276,TFF3_exp,JAK2_amp
1146477,0.00031512655550614,MYOF_exp,AR_amp
1146912,0.0003148539108224213,LRIG1_exp,CD44_exp
1149387,0.00031334804953075945,MYC_amp,GJA1_exp
1151701,0.0003119632601737976,KRT8_exp,B4GALT1_exp
1152085,0.00031171031878329813,RET_mut,NCOR2_del
1152374,0.000311551004415378,KRT13_exp,KLF4_amp
1153940,0.00031062238849699497,KRT19_exp,CBFA2T3_del
1155970,0.00030940130818635225,AQP3_exp,ABLIM1_exp
1156318,0.0003092084953095764,XBP1_exp,KRT13_exp
1158848,0.00030764463008381426,KRT15_exp,KLF4_mut
1160259,0.0003067810903303325,SLC7A5_exp,RET_amp
1160513,0.0003066138597205281,KRT19_exp,JAK2_mut
1160712,0.00030648685060441494,MYB_amp,ABHD2_exp
1160881,0.00030638984753750265,NCOR2_exp,MYB_amp
1161262,0.00030615166178904474,MUC1_exp,CCND1_amp
1162056,0.00030567875364795327,KLF4_mut,ELF3_mut
1164464,0.00030428788159042597,KRT19_exp,ELF3_del
1165832,0.0003034898836631328,KRT18_exp,CBFA2T3_del
1166926,0.0003028489591088146,SLC7A5_exp,MUC1_exp
1167200,0.0003026871709153056,KLF4_amp,ELF3_exp
1167513,0.0003024954057764262,NCOR2_exp,BCL2_amp
1167973,0.00030222319765016437,SFN_exp,BCL2_mut
1171082,0.00030043142032809556,LAD1_exp,CCND1_mut
1171235,0.0003003374731633812,NCOR2_mut,IGFBP4_exp
1172012,0.00029988616006448865,TFF3_exp,CCND1_mut
1172071,0.0002998513518832624,RET_mut,NCOR2_exp
1172286,0.0002997265837620944,LRIG1_exp,BCL2_amp
1174771,0.000298291037324816,CCND1_exp,BCL2_amp
1174847,0.00029825163073837757,NCOR2_del,ELF3_del
1175047,0.0002981369034387171,SFN_exp,BCL11B_mut
1176032,0.0002975298557430506,RARA_mut,ABLIM1_exp
1176671,0.0002971538051497191,MYOF_exp,IL6ST_amp
1178999,0.00029577634995803237,LRIG1_exp,KRT8_exp
1179485,0.0002955038216896355,CBFA2T3_del,BCL2_amp
1181194,0.0002944691223092377,SLC7A5_exp,RARA_mut
1182661,0.0002936249948106706,MYOF_exp,CCND1_amp
1183721,0.0002930062764789909,CD44_exp,BCL11B_mut
1184076,0.00029280540184117854,NCOR2_exp,ELF3_exp
1184772,0.0002923938154708594,TFF3_exp,KLF4_mut
1185038,0.0002922259736806154,BCL2_mut,B4GALT1_exp
1185287,0.00029207722400315106,FASN_exp,BCL2_mut
1188396,0.00029025666299276054,MYB_amp,KLF4_mut
1189051,0.00028986213146708906,IL6ST_amp,B4GALT1_exp
1189902,0.0002893518249038607,MYC_mut,FLNB_exp
1190398,0.0002890783071052283,CCND1_mut,CCND1_amp
1191026,0.00028870414826087654,CD44_exp,CCND1_amp
1192413,0.00028787358314730227,MUC1_exp,JAK2_amp
1194085,0.00028693757485598326,FLNB_exp,ELF3_exp
1194330,0.00028681341791525483,TFF3_exp,AR_amp
1194380,0.0002867752336896956,KLF4_mut,FLNB_exp
1196512,0.00028552781441248953,NCOR2_del,BCL11B_mut
1199123,0.000284036883385852,SLC2A1_exp,BCL11B_mut
1199431,0.0002838579239323735,ELF3_mut,ELF3_exp
1199711,0.0002837000065483153,NCOR2_mut,NCOR2_exp
1200379,0.000283299305010587,RET_amp,B4GALT1_exp
1200892,0.0002829965087585151,RARA_amp,CCND1_amp
1202535,0.0002820002846419811,NCOR2_mut,GJA1_exp
1202559,0.0002819892833940685,NCOR2_exp,KRT19_exp
1202718,0.00028188226860947907,RARA_mut,KRT15_exp
1203082,0.00028167819255031645,AR_amp,ABLIM1_exp
1204687,0.0002806701813824475,SLC7A5_exp,RARA_amp
1206591,0.00027957107522524893,KRT18_exp,KRT13_exp
1207401,0.000279114639852196,SFN_exp,KLF4_mut
1208520,0.0002784733660519123,KRT15_exp,AR_mut
1209909,0.0002777102345135063,MYC_amp,LRIG1_exp
1210030,0.0002776423643808812,FLNB_exp,AR_mut
1212154,0.00027637608582153916,NCOR2_exp,IL6ST_amp
1214775,0.0002748386177700013,NCOR2_del,MUC1_exp
1214980,0.00027471198700368404,FLNB_exp,CCND1_mut
1215352,0.0002745059609878808,KLF4_amp,AR_mut
1215379,0.00027448750915937126,XBP1_exp,RET_mut
1215693,0.0002742989163380116,JAK2_amp,FASN_exp
1216924,0.00027359684463590384,JAK2_amp,B4GALT1_exp
1219538,0.00027204863727092743,NCOR2_mut,BHLHE40_exp
1219623,0.0002720024494919926,LRIG1_exp,JAK2_amp
1220107,0.00027174269780516624,RET_mut,IGFBP4_exp
1220226,0.00027167779626324773,RET_mut,ABLIM1_exp
1221894,0.000270729826297611,KRT15_exp,ELF3_exp
1224078,0.00026951718609780073,ELF3_exp,AR_amp
1224755,0.0002691054833121598,BCL2_mut,BCL11B_mut
1225667,0.00026857125340029597,RARA_amp,B4GALT1_exp
1225719,0.00026853385497815907,KRT8_exp,JAK2_mut
1229347,0.00026651640655472875,RARA_mut,MUC1_exp
1229815,0.00026625560713000596,CCND1_mut,ABLIM1_exp
1230597,0.00026581334532238543,KRT19_exp,BCL2_mut
1232548,0.00026471837190911174,KLF4_mut,AR_amp
1233312,0.00026431443984620273,KLF4_mut,ELF3_del
1233583,0.00026415905449539423,SFN_exp,B4GALT1_exp
1234985,0.00026335945585742593,IL6ST_amp,CCND1_amp
1235116,0.0002632883843034506,RARA_mut,GJA1_exp
1236420,0.0002625187044031918,SFN_exp,CCND1_amp
1237620,0.0002618148282635957,KLF4_amp,ELF3_mut
1238384,0.0002613989927340299,NCOR2_exp,JAK2_amp
1239202,0.00026092908228747547,SFN_exp,AR_mut
1240184,0.0002603676402941346,MYB_amp,KRT13_exp
1244472,0.00025793269742280245,RET_mut,FKBP4_exp
1244529,0.00025789946084842086,KRT13_exp,ELF3_mut
1245146,0.0002575477119535208,KRT18_exp,JAK2_amp
1246054,0.00025704753352329135,BCL2_amp,ABHD2_exp
1246765,0.0002566363546065986,NBL1_exp,JAK2_mut
1247217,0.00025640137027949095,MYC_mut,CD44_exp
1249129,0.0002553283120505512,SLC7A5_exp,MYC_mut
1249695,0.00025500613264739513,TFF3_exp,ELF3_del
1251656,0.0002538472763262689,CCND1_amp,ABHD2_exp
1253562,0.0002528262557461858,LRIG1_exp,ELF3_exp
1254210,0.00025245908182114363,RET_amp,ELF3_exp
1254322,0.00025240128161385655,KRT8_exp,KLF4_amp
1255723,0.0002516257227398455,SLC39A6_exp,MYB_amp
1255893,0.0002515335218049586,MUC1_exp,ELF3_mut
1261004,0.00024870061315596104,ELF3_exp,AR_mut
1261623,0.00024836661759763956,FASN_exp,BCL11B_mut
1261819,0.00024825092987157404,RARA_amp,KRT19_exp
1263076,0.00024755316553637385,MYC_amp,KRT13_exp
1263719,0.0002472045598551631,KRT13_exp,KLF4_mut
1263812,0.00024715164909139276,JAK2_mut,GJA1_exp
1264956,0.00024653668515384197,RET_amp,CBFA2T3_del
1266623,0.00024563338956795633,RET_amp,NCOR2_del
1270120,0.00024370846222154796,NCOR2_del,BCL2_mut
1272787,0.00024225848028436303,KRT15_exp,JAK2_mut
1272793,0.0002422522520646453,CCND1_mut,B4GALT1_exp
1272981,0.00024213810684159398,KLF4_amp,IL6ST_amp
1274456,0.00024133599072229117,RARA_amp,ELF3_exp
1274737,0.0002411591267446056,KRT18_exp,JAK2_mut
1279045,0.00023882552341092378,RARA_mut,BCL2_mut
1284116,0.00023611687356606126,MYOF_exp,ELF3_del
1284608,0.00023584626615047455,CCND1_amp,BCL2_amp
1287820,0.00023412324662785977,SFN_exp,IL6ST_amp
1292620,0.000231610334594734,MYC_amp,CCND1_amp
1294388,0.0002306750393472612,MUC1_exp,AR_amp
1298417,0.00022852714755572379,RET_mut,MYC_mut
1299666,0.00022787535272073,CD44_exp,BCL2_mut
1300381,0.00022751530923414975,MYC_mut,ELF3_exp
1300800,0.0002272975689265877,LRIG1_exp,AR_mut
1300860,0.0002272676647407934,MYOF_exp,BCL11B_mut
1301086,0.00022715484374202788,RARA_mut,ELF3_mut
1301970,0.0002266944939037785,MYOF_exp,MYC_mut
1302539,0.00022640533279627562,RARA_mut,FLNB_exp
1303067,0.00022615317720919847,KRT13_exp,AR_mut
1306175,0.00022453682322520763,KRT13_exp,BHLHE40_exp
1306588,0.0002243105845991522,RET_mut,CD44_exp
1306871,0.00022416972205974162,MYB_amp,KRT15_exp
1306939,0.00022413427359424531,RET_amp,ELF3_mut
1307252,0.0002239706227555871,RET_mut,KRT8_exp
1308380,0.00022336412803269923,RARA_mut,KRT19_exp
1309096,0.00022299864212982357,LRIG1_exp,B4GALT1_exp
1309321,0.0002228806260973215,IGFBP4_exp,BCL2_amp
1309738,0.0002226448996225372,KLF4_mut,IL6ST_amp
1310494,0.00022225207067094743,SLC7A5_exp,KLF4_mut
1311613,0.00022167499992065132,NCOR2_mut,KLF4_amp
1313160,0.0002208543592132628,GJA1_exp,BCL2_mut
1315204,0.00021981840836815536,MYC_amp,KRT19_exp
1315931,0.00021943576575722545,RARA_mut,BHLHE40_exp
1317147,0.00021878087136428803,IGFBP4_exp,AR_mut
1317846,0.0002184222685173154,RET_amp,RARA_amp
1319219,0.00021765657584182918,RET_amp,LAD1_exp
1320659,0.00021691879373975098,MYB_amp,ELF3_mut
1320755,0.00021686850232072175,NCOR2_mut,ELF3_mut
1320846,0.00021682267833966762,LAD1_exp,CBFA2T3_del
1322557,0.00021594819554593414,KLF4_amp,JAK2_mut
1323357,0.0002155202382709831,RET_amp,ABHD2_exp
1323397,0.0002154962276108563,JAK2_amp,CCND1_amp
1323986,0.0002152041270164773,KLF4_mut,CCND1_amp
1324324,0.00021502641902770847,RARA_amp,ELF3_del
1325058,0.0002146540500689298,RET_mut,MYOF_exp
1325436,0.0002144697355106473,KRT8_exp,BCL2_mut
1327454,0.00021343599655665457,KRT8_exp,JAK2_amp
1327688,0.00021331464813556522,SLC7A5_exp,AR_amp
1327759,0.00021327557624317706,MYC_amp,KRT18_exp
1328225,0.0002130427455995232,TGM2_exp,AR_mut
1328885,0.00021270260913297534,JAK2_mut,ELF3_exp
1329750,0.000212270810152404,MYB_amp,BCL11B_mut
1330714,0.00021177934831939638,RARA_mut,CD44_exp
1330721,0.00021177697635721415,RET_amp,KRT19_exp
1332179,0.00021100867888890207,NCOR2_mut,MUC1_exp
1332352,0.00021092192037031054,TFF3_exp,MYB_amp
1333269,0.00021044633467681706,MYB_amp,ABLIM1_exp
1334345,0.00020990926714148372,RARA_amp,MYC_mut
1334964,0.00020959498942829669,JAK2_amp,BCL11B_mut
1336290,0.00020891202439088374,JAK2_amp,CBFA2T3_del
1336511,0.0002088054025080055,MYC_amp,CCND1_mut
1340035,0.00020696067076642066,KLF4_mut,JAK2_amp
1340844,0.0002065665030386299,NCOR2_exp,AR_mut
1341656,0.00020616334222722799,CCND1_amp,AR_mut
1344447,0.000204729032702744,RARA_amp,KLF4_amp
1344804,0.00020454562036320567,FASN_exp,AR_amp
1346917,0.0002034961071331054,RET_amp,NCOR2_exp
1347415,0.00020323108765296638,MYOF_exp,FASN_exp
1347979,0.00020292596309445798,CD44_exp,BCL2_amp
1352064,0.00020088364544790238,RET_mut,CCND1_amp
1352845,0.00020050429156981409,FLNB_exp,ABLIM1_exp
1355632,0.0001990997843677178,SFN_exp,ELF3_mut
1356799,0.00019850395619869232,LAD1_exp,B4GALT1_exp
1358603,0.00019763040472753346,LAD1_exp,KRT13_exp
1359369,0.0001972337777260691,NCOR2_mut,KRT15_exp
1360239,0.00019680448167491704,NCOR2_del,KLF4_amp
1360308,0.0001967660937225446,GJA1_exp,ABLIM1_exp
1360757,0.0001965368865057826,LRIG1_exp,JAK2_mut
1363718,0.00019512804283294827,NBL1_exp,MYB_amp
1364479,0.00019475171575322747,LAD1_exp,AR_mut
1367124,0.00019339751452207565,NBL1_exp,KLF4_mut
1367541,0.00019317190162837505,MYC_mut,CCND1_amp
1367845,0.00019301098654977977,KRT18_exp,BCL2_mut
1367952,0.0001929591817315668,RARA_mut,MYB_amp
1367964,0.00019295218226034194,KLF4_mut,BCL11B_mut
1368456,0.00019270040502306074,KRT13_exp,BCL2_amp
1368891,0.00019249256001785398,JAK2_mut,CCND1_amp
1369245,0.0001923208183143288,LAD1_exp,BCL11B_mut
1369968,0.0001919707137858495,LRIG1_exp,CCND1_mut
1371001,0.00019145345140714198,RARA_mut,MYC_amp
1371499,0.00019120995420962572,CCND1_amp,BCL2_mut
1371615,0.00019114650785923004,MYC_amp,KLF4_mut
1372843,0.00019054007134400308,KLF4_amp,ELF3_del
1373050,0.00019044688087888062,KLF4_mut,B4GALT1_exp
1375068,0.00018946164345834404,RARA_amp,KRT8_exp
1375709,0.0001891447027446702,RARA_amp,KRT18_exp
1376775,0.0001886046666186303,KRT13_exp,ELF3_exp
1379074,0.00018749208538793027,MUC1_exp,AR_mut
1379702,0.00018719556101132184,NCOR2_exp,ELF3_del
1384094,0.00018506850756239146,IL6ST_amp,ELF3_mut
1386764,0.00018380649271421134,SLC7A5_exp,KRT8_exp
1387511,0.000183445168659091,MYB_amp,BCL2_mut
1390610,0.00018198834732174873,SLC39A6_exp,KLF4_mut
1390838,0.00018187446403317153,RARA_mut,CBFA2T3_del
1391064,0.0001817679440136999,IGFBP4_exp,AR_amp
1392803,0.00018091760284733027,RARA_amp,ELF3_mut
1393633,0.0001805029169190675,MYC_amp,B4GALT1_exp
1394622,0.00018005346646532416,ELF3_del,CD44_exp
1395169,0.00017979841504711658,TFF3_exp,AR_mut
1395326,0.00017972238129004836,RET_amp,NCOR2_mut
1396855,0.00017899996601045132,RET_mut,JAK2_mut
1398213,0.00017837029008660465,JAK2_mut,BCL2_amp
1398911,0.00017805962124839425,RARA_amp,JAK2_amp
1398951,0.0001780402089934796,RARA_amp,AR_mut
1399039,0.00017800010391511023,RARA_amp,MYC_amp
1399626,0.00017772194405552,RARA_amp,NCOR2_mut
1400923,0.0001771546230884269,MYC_amp,MYB_amp
1401859,0.00017672490503173321,SFN_exp,KLF4_amp
1404634,0.00017544107686262578,RARA_mut,JAK2_amp
1405759,0.00017489415768068284,NBL1_exp,KLF4_amp
1406520,0.0001745394547469914,SFN_exp,MYB_amp
1407985,0.00017384119564667344,BCL2_amp,AR_mut
1408260,0.00017372156435158104,TFF3_exp,BCL2_amp
1408557,0.0001735851401463151,RARA_mut,MYC_mut
1408636,0.00017354849842377007,IL6ST_amp,AQP3_exp
1409311,0.000173210704815574,RET_amp,CCND1_mut
1409733,0.00017300466424785554,MYB_amp,IL6ST_amp
1410293,0.00017273996490985155,SLC2A1_exp,ELF3_exp
1411579,0.00017212181410286576,MYB_amp,CCND1_amp
1412842,0.0001715247635729611,MYC_amp,CD44_exp
1413099,0.0001714048848953098,ELF3_mut,CCND1_amp
1413293,0.00017130133346654475,NCOR2_del,AR_mut
1413931,0.00017099062097258866,NCOR2_exp,BCL11B_mut
1415120,0.00017045688582584262,NCOR2_exp,MYC_amp
1416647,0.00016975338803604245,SLC7A5_exp,JAK2_mut
1417430,0.0001693775993771851,MUC1_exp,KLF4_amp
1418007,0.00016910527483560145,GJA1_exp,ELF3_del
1418757,0.00016873986169230193,MYC_mut,B4GALT1_exp
1419254,0.0001685042807366699,NCOR2_exp,CCND1_amp
1419376,0.00016844997298903763,LRIG1_exp,KLF4_mut
1420857,0.00016776892880443484,JAK2_mut,AQP3_exp
1421839,0.00016731464711483568,RET_amp,AQP3_exp
1425829,0.00016550438886042684,RET_amp,RARA_mut
1427448,0.00016475233132950962,RET_mut,ELF3_del
1427656,0.00016465898079331964,RARA_mut,KRT13_exp
1429124,0.00016396892897319049,MYC_amp,AR_amp
1429450,0.00016382511239498854,MYC_amp,BCL11B_mut
1432605,0.0001623491116333753,RET_mut,KLF4_amp
1435857,0.00016084505477920175,SFN_exp,MYC_amp
1436637,0.0001605105644557625,NBL1_exp,LAD1_exp
1437116,0.00016030586266424507,CCND1_mut,BCL11B_mut
1437816,0.00015999088645912707,IL6ST_amp,CCND1_mut
1440063,0.00015898940910119563,KRT18_exp,IL6ST_amp
1441162,0.00015849372721277177,RET_amp,NBL1_exp
1445387,0.00015657668700441718,KRT19_exp,JAK2_amp
1445390,0.00015657609037589282,NCOR2_mut,ABHD2_exp
1445801,0.00015637491014786065,TFF3_exp,ELF3_exp
1446149,0.00015622696082573384,B4GALT1_exp,ABLIM1_exp
1446332,0.00015614990843459964,RARA_mut,NCOR2_mut
1446624,0.00015602285566274077,BCL11B_mut,AR_amp
1447174,0.000155780537170358,RARA_mut,CCND1_mut
1447709,0.0001555491762701422,RARA_mut,KLF4_amp
1448153,0.00015534265548922122,CCND1_amp,BCL11B_mut
1448735,0.00015510196681134403,KLF4_amp,CD44_exp
1449174,0.00015492110105697066,KLF4_mut,JAK2_mut
1449411,0.00015481423179153353,MYC_amp,KLF4_amp
1452154,0.00015358670498244464,CCND1_amp,B4GALT1_exp
1452893,0.00015326625725720078,SLC2A1_exp,RET_mut
1453616,0.00015295876073651016,SLC2A1_exp,MYC_mut
1454261,0.0001526743872091174,RET_amp,KRT13_exp
1455090,0.00015228665142785758,NCOR2_mut,MYC_mut
1455281,0.00015220270142890513,GJA1_exp,CCND1_mut
1455321,0.00015218672342598438,MYB_amp,JAK2_amp
1455670,0.00015203777002170682,RET_amp,LRIG1_exp
1455909,0.00015192806313280016,IL6ST_amp,ELF3_del
1457007,0.0001514488976681605,MYOF_exp,BCL2_mut
1461025,0.0001496432814747095,RET_mut,MYB_amp
1461379,0.00014949904289096594,SLC2A1_exp,NCOR2_mut
1462086,0.00014920288231223822,MYC_amp,IL6ST_amp
1463535,0.00014858126814942807,RET_amp,ABLIM1_exp
1464025,0.00014836278569418937,LAD1_exp,KLF4_amp
1466219,0.00014742458006367087,KRT19_exp,IL6ST_amp
1466573,0.00014727155212312937,LRIG1_exp,KRT18_exp
1466779,0.00014719500904902816,KRT19_exp,KLF4_amp
1467598,0.00014685554197058082,CCND1_mut,BCL2_amp
1469471,0.00014605217438656837,NCOR2_mut,BCL11B_mut
1470792,0.00014545387239195406,KRT18_exp,CCND1_mut
1471326,0.00014520977856591344,ELF3_del,CCND1_mut
1471393,0.00014518247917294502,MYC_amp,JAK2_amp
1471769,0.00014502136036753654,KLF4_amp,ABLIM1_exp
1473643,0.00014420365914702415,RARA_mut,JAK2_mut
1474700,0.00014373878366313875,IL6ST_amp,CD44_exp
1475138,0.0001435561862308532,RARA_mut,BCL2_amp
1476797,0.00014283007476478815,MUC1_exp,BCL2_mut
1476896,0.00014279074093792588,JAK2_mut,B4GALT1_exp
1477277,0.00014262812328524888,MYB_amp,ELF3_del
1477487,0.0001425437949365005,JAK2_amp,ELF3_del
1477841,0.00014237899449653924,NCOR2_mut,ELF3_del
1478138,0.0001422427740180865,AR_amp,AQP3_exp
1479004,0.00014185873442329466,MYB_amp,AR_mut
1480359,0.00014127849135547876,MYC_mut,IGFBP4_exp
1482801,0.00014022419054526836,MYC_amp,ELF3_del
1484539,0.00013950039283372462,NBL1_exp,ABLIM1_exp
1486826,0.00013851516996510327,NCOR2_exp,KLF4_mut
1487535,0.00013822106120642275,JAK2_amp,BCL2_mut
1488778,0.00013769156066700816,RET_amp,MYB_amp
1488999,0.00013759778812527657,KRT18_exp,AR_amp
1496227,0.0001344999618595466,MYC_amp,KRT15_exp
1496514,0.00013438457972370088,RET_amp,MYC_mut
1496808,0.00013425073120743036,XBP1_exp,KLF4_amp
1497590,0.00013391178799793124,KLF4_amp,CCND1_amp
1501211,0.00013237066741567105,RET_mut,KRT19_exp
1505717,0.00013040535850450397,RET_mut,KLF4_mut
1506330,0.00013013457646593451,KLF4_mut,CCND1_mut
1507074,0.0001298135903198272,RARA_mut,AR_mut
1507075,0.00012981213512830436,NCOR2_del,JAK2_mut
1507318,0.00012970916577614844,RET_amp,CCND1_amp
1507399,0.0001296740520047024,KRT19_exp,CCND1_mut
1507548,0.00012961411266587675,KRT15_exp,BCL2_mut
1508319,0.00012929353397339582,MYB_amp,B4GALT1_exp
1508843,0.0001290955115109682,MYC_mut,ELF3_mut
1509443,0.0001288372150156647,MYC_mut,BCL11B_mut
1509569,0.00012879204587079585,ELF3_mut,BCL11B_mut
1509952,0.00012862685252912343,NCOR2_mut,CCND1_amp
1509967,0.00012861946015618742,RET_amp,AR_mut
1513537,0.00012716441415250301,MYB_amp,BCL2_amp
1513759,0.00012707605492323637,RET_mut,RARA_mut
1513964,0.00012698123464360833,MYOF_exp,MYB_amp
1514320,0.00012683478416875005,NCOR2_mut,MYOF_exp
1515976,0.00012613977014552802,RARA_amp,JAK2_mut
1516011,0.0001261246798094362,JAK2_amp,ELF3_exp
1520843,0.00012407398025970906,RARA_amp,BCL2_amp
1522157,0.00012350225006230175,TFF3_exp,BCL2_mut
1522479,0.00012337297084741294,MYC_mut,MYC_amp
1522652,0.00012330383469816297,MYC_amp,MUC1_exp
1525421,0.00012210672139190137,RET_amp,BCL11B_mut
1525445,0.0001220964768435806,RET_amp,KLF4_amp
1528677,0.00012077420979039744,SLC2A1_exp,CD44_exp
1532271,0.00011926594015676528,NCOR2_del,CCND1_mut
1532702,0.00011908606393262744,RARA_mut,ELF3_del
1534907,0.00011816992628155276,RET_amp,BCL2_mut
1537410,0.00011710896797012538,NBL1_exp,AR_mut
1538334,0.00011672718392219394,RET_amp,KLF4_mut
1538702,0.00011658058065222576,JAK2_amp,ELF3_mut
1538703,0.00011658057337626815,ELF3_exp,BCL2_amp
1544604,0.00011412584717618302,AR_mut,AR_amp
1544998,0.00011396057379897684,MYC_mut,BHLHE40_exp
1547988,0.00011273629934294149,RARA_amp,IL6ST_amp
1548409,0.00011256909056100994,JAK2_amp,AR_mut
1548686,0.00011245528003200889,NCOR2_mut,MYB_amp
1549156,0.00011226136848563328,NCOR2_mut,KRT19_exp
1549879,0.00011195929982932284,LRIG1_exp,BCL2_mut
1549902,0.00011194853868801147,KLF4_amp,BCL11B_mut
1551155,0.00011144278687424958,IL6ST_amp,AR_amp
1552718,0.00011080272088292986,RET_mut,ELF3_mut
1553147,0.00011062432895414531,ELF3_mut,CCND1_mut
1553550,0.00011045613791793585,CCND1_mut,AR_mut
1553873,0.00011031785106752068,KRT8_exp,BCL2_amp
1554924,0.00010989511793013662,SLC2A1_exp,AR_amp
1557581,0.0001087473428924568,RARA_amp,AR_amp
1558459,0.00010838314483407885,MYB_amp,CCND1_mut
1558826,0.00010824294440681115,ELF3_mut,AR_mut
1563078,0.00010646248847479001,RARA_mut,AR_amp
1563610,0.00010625528375385329,RET_mut,BCL2_mut
1563821,0.00010616416693665087,KRT15_exp,CCND1_mut
1567292,0.00010473641304997727,ELF3_del,BCL11B_mut
1568704,0.00010412887058919296,SLC7A5_exp,ELF3_del
1569146,0.000103945450973697,LRIG1_exp,ELF3_mut
1569531,0.0001037798574543558,KLF4_mut,AQP3_exp
1570277,0.00010345059854444116,IL6ST_amp,BCL2_mut
1574062,0.00010189058957621455,JAK2_amp,IL6ST_amp
1577080,0.00010066445975098759,LAD1_exp,ELF3_del
1579499,9.964399214368314e-05,KLF4_amp,BHLHE40_exp
1582656,9.831911302171648e-05,ELF3_mut,BCL2_amp
1583354,9.803762077353895e-05,IL6ST_amp,ABHD2_exp
1584986,9.736498759593815e-05,JAK2_amp,BCL2_amp
1585359,9.721856622491032e-05,CD44_exp,CCND1_mut
1587376,9.639308700570837e-05,BCL2_amp,B4GALT1_exp
1589036,9.570155816618353e-05,KLF4_mut,BCL2_mut
1589593,9.545974899083376e-05,SFN_exp,KRT8_exp
1590662,9.499701991444454e-05,CCND1_mut,BCL2_mut
1592987,9.403364674653858e-05,ELF3_del,AR_mut
1593193,9.39540404942818e-05,KRT18_exp,BCL2_amp
1593380,9.387759200762957e-05,MYC_mut,JAK2_mut
1593516,9.382642747368664e-05,RET_mut,CCND1_mut
1593900,9.365269215777516e-05,MYOF_exp,KLF4_amp
1595892,9.28359804674983e-05,JAK2_mut,CCND1_mut
1595949,9.28045337786898e-05,AR_mut,ABLIM1_exp
1596586,9.25494241528213e-05,RET_mut,RET_amp
1596707,9.249951835954562e-05,NCOR2_mut,KLF4_mut
1596899,9.241345105692744e-05,JAK2_mut,IL6ST_amp
1599283,9.143190254690126e-05,JAK2_mut,ELF3_mut
1601961,9.030794171849266e-05,RET_mut,NCOR2_mut
1602654,9.001528815133497e-05,KRT8_exp,CCND1_mut
1603027,8.985493332147598e-05,ELF3_del,BCL2_amp
1604391,8.92860844032839e-05,KRT18_exp,ELF3_del
1605647,8.87660717125982e-05,MYC_mut,AR_mut
1605802,8.869906741892919e-05,ELF3_mut,AR_amp
1605998,8.86041671037674e-05,MYC_amp,JAK2_mut
1606535,8.837735367706046e-05,RET_mut,RARA_amp
1607091,8.815774344839156e-05,KRT8_exp,ELF3_del
1608011,8.777146285865456e-05,NCOR2_mut,MYC_amp
1614844,8.494380745105445e-05,KLF4_amp,CCND1_mut
1615635,8.459957462036982e-05,MYB_amp,KLF4_amp
1616010,8.443557453574613e-05,RARA_mut,BCL11B_mut
1617470,8.381892985198647e-05,RET_mut,AR_mut
1617796,8.366742258658633e-05,LAD1_exp,JAK2_amp
1617870,8.36387334857136e-05,JAK2_mut,ELF3_del
1619838,8.278359018731862e-05,ELF3_del,AR_amp
1620461,8.253367559518665e-05,KLF4_amp,BCL2_mut
1620773,8.240710303653032e-05,IL6ST_amp,IGFBP4_exp
1621236,8.219444134738296e-05,NCOR2_mut,CCND1_mut
1622140,8.181569864973426e-05,MYC_amp,AR_mut
1623025,8.143910963553935e-05,BCL2_amp,BCL11B_mut
1629279,7.876676681917161e-05,MYB_amp,JAK2_mut
1630433,7.82832721597515e-05,RARA_amp,KLF4_mut
1631035,7.802701293257996e-05,KRT18_exp,KLF4_amp
1631231,7.793939585098997e-05,JAK2_mut,AR_mut
1631571,7.779469160595909e-05,MYB_amp,AR_amp
1631969,7.759436994092539e-05,RET_amp,MYC_amp
1632092,7.753500540275127e-05,JAK2_amp,CCND1_mut
1633197,7.704585732426494e-05,RARA_mut,CCND1_amp
1633391,7.695909880567342e-05,KRT19_exp,BCL2_amp
1633614,7.687038305448368e-05,KRT19_exp,KLF4_mut
1633941,7.671775529161096e-05,NCOR2_del,KLF4_mut
1633991,7.669207116123289e-05,RET_amp,ELF3_del
1635504,7.603522681165487e-05,MYC_mut,CCND1_mut
1635723,7.593697228003293e-05,RET_mut,LRIG1_exp
1635968,7.582938997074962e-05,BCL2_mut,AR_amp
1636916,7.540381920989603e-05,NCOR2_del,AR_amp
1637393,7.518233178416267e-05,NCOR2_mut,JAK2_amp
1638952,7.447674579452723e-05,NCOR2_mut,AR_mut
1639128,7.4398034485057e-05,NCOR2_mut,AR_amp
1639419,7.426352385664359e-05,RARA_mut,KLF4_mut
1639474,7.423706847475842e-05,CCND1_mut,AR_amp
1639817,7.407319208141416e-05,RET_mut,AR_amp
1641395,7.335022382903844e-05,RET_mut,JAK2_amp
1641445,7.332663517445326e-05,RARA_mut,RARA_amp
1642591,7.283638115040958e-05,ELF3_mut,ELF3_del
1643091,7.261207065312192e-05,RARA_mut,LRIG1_exp
1643474,7.244982407428324e-05,BCL11B_mut,AR_mut
1643907,7.224779255921021e-05,BCL2_mut,AQP3_exp
1644254,7.20742391422391e-05,MYB_amp,LRIG1_exp
1647978,7.040698255877942e-05,KLF4_mut,CD44_exp
1650266,6.929990195203573e-05,NCOR2_mut,BCL2_mut
1651899,6.856946129119024e-05,KRT13_exp,BCL2_mut
1653465,6.788527389289811e-05,CD44_exp,ABHD2_exp
1654838,6.72269452479668e-05,MYC_amp,BCL2_mut
1657291,6.604439113289118e-05,MYC_mut,BCL2_mut
1657539,6.592853605980054e-05,MYC_mut,KRT13_exp
1659815,6.487400241894647e-05,MYB_amp,AQP3_exp
1660017,6.478068098658696e-05,RET_amp,IL6ST_amp
1660798,6.440754077630118e-05,RET_amp,JAK2_mut
1661118,6.425210449378937e-05,IL6ST_amp,BCL2_amp
1662059,6.380910781444982e-05,RET_amp,JAK2_amp
1662919,6.337578815873712e-05,ELF3_del,CCND1_amp
1663643,6.301869871094823e-05,KRT8_exp,KLF4_mut
1664489,6.260735972318798e-05,SLC7A5_exp,MYB_amp
1665330,6.218156340764835e-05,JAK2_mut,BCL2_mut
1666321,6.170923734316602e-05,RET_amp,BCL2_amp
1668964,6.038721767254174e-05,MYC_mut,AR_amp
1670777,5.948030957370065e-05,RARA_mut,B4GALT1_exp
1671383,5.9192359913140535e-05,KLF4_amp,JAK2_amp
1671696,5.903985584154725e-05,IL6ST_amp,BCL11B_mut
1671983,5.890336979064159e-05,MYC_amp,ELF3_mut
1673024,5.837823118781671e-05,MYC_mut,MYB_amp
1675532,5.71431519347243e-05,JAK2_mut,AR_amp
1675834,5.6986082199728116e-05,NCOR2_mut,IL6ST_amp
1676733,5.6533506722189486e-05,KLF4_mut,KLF4_amp
1677996,5.588702697423287e-05,CD44_exp,AQP3_exp
1679543,5.5068980145733804e-05,JAK2_mut,BCL11B_mut
1679900,5.487264206749387e-05,BHLHE40_exp,BCL2_amp
1680391,5.461243927129544e-05,RARA_amp,CCND1_mut
1680625,5.447230796562508e-05,SLC2A1_exp,AR_mut
1680796,5.437964136945084e-05,RET_mut,BCL2_amp
1682092,5.370003782445565e-05,KLF4_amp,AR_amp
1682844,5.329168925527483e-05,MYC_mut,BCL2_amp
1682915,5.325331585481763e-05,MYC_mut,KLF4_amp
1683472,5.2961637265980244e-05,JAK2_amp,FLNB_exp
1685419,5.190755473449826e-05,BCL2_mut,BCL2_amp
1687713,5.063102798885666e-05,RET_mut,BCL11B_mut
1689207,4.979379446012899e-05,JAK2_amp,AR_amp
1694135,4.689456909545697e-05,ELF3_del,BCL2_mut
1694450,4.670274938689545e-05,NCOR2_mut,FASN_exp
1694750,4.65205630462151e-05,KRT8_exp,IL6ST_amp
1694791,4.649344191420823e-05,RARA_amp,LRIG1_exp
1696104,4.569667362375185e-05,RARA_amp,MYB_amp
1699418,4.366605571703985e-05,NCOR2_del,KRT13_exp
1702782,4.1470899304840714e-05,RARA_mut,IL6ST_amp
1703735,4.0828472265275195e-05,KLF4_mut,AR_mut
1705584,3.958830711781047e-05,MYC_amp,BCL2_amp
1707070,3.858216950902715e-05,RARA_amp,BCL2_mut
1708176,3.778179598157294e-05,RET_amp,AR_amp
1708403,3.762530832318589e-05,NCOR2_mut,JAK2_mut
1709076,3.716547507792711e-05,KLF4_amp,BCL2_amp
1709563,3.6816960346186534e-05,RARA_amp,BCL11B_mut
1712689,3.447592462180182e-05,FKBP4_exp,ELF3_mut
1713647,3.3741569495759904e-05,NCOR2_mut,BCL2_amp
1714730,3.2847623515408486e-05,BCL2_mut,AR_mut
1717381,3.066810313612223e-05,TFF3_exp,BCL11B_mut
1718084,3.011868648172822e-05,JAK2_mut,JAK2_amp
1719447,2.8929031032021157e-05,MYC_mut,KLF4_mut
1719673,2.8722488423227333e-05,IL6ST_amp,AR_mut
1720150,2.8307460524956696e-05,MYC_mut,JAK2_amp
1720845,2.7653342840494588e-05,SFN_exp,MYC_mut
1721283,2.721120836213231e-05,BCL2_amp,AR_amp
1721321,2.7169211534783244e-05,RET_mut,IL6ST_amp
1728099,2.005770329560619e-05,RARA_amp,NCOR2_del
1734430,9.656617294240277e-06,KLF4_mut,BCL2_amp
1734594,9.261394552595448e-06,MYC_mut,ELF3_del
1734995,8.138023076753598e-06,RET_mut,MYC_amp
1735921,4.390837602841202e-06,MYC_mut,IL6ST_amp
